Workbook

Sheet Word_tables
C5: S=25 | G5: EVP | K5: Stochastic - 2 stage | Q5: S=25
D6: alfa (%) | E6: VSS% | F6: Time (EVP) | G6: Gap (%) | H6: O_fs (%) | I6: F_fs (%) | J6: F_ss (%) | K6: Gap (%) | L6: O_fs (%) | M6: F_fs (%) | N6: F_ss (%) | R6: a (%) | S6: VSS% | T6: Time (s) | W6: VSS% | X6: Time (EVP) | Y6: EVP | AC6: Stochastic - 2 stage
C7: sp1 | D7: 5 | E7: 15.254193 | F7: 3683.1 | G7: 9.4008099 | H7: 90.434 | I7: 61.914 | J7: 25.579 | K7: 34.681205 | L7: 71.361 | M7: 63.502 | N7: 56.038 | Q7: sp1 | R7: 5 | S7: 15.254193 | T7: 3683.1 | Y7: Gap (%) | Z7: O_fs (%) | AA7: F_fs (%) | AB7: F_ss (%) | AC7: Gap (%) | AD7: O_fs (%) | AE7: F_fs (%) | AF7: F_ss (%)
D8: 10 | E8: 15.630463 | F8: 1958.5 | G8: 4.0667252 | H8: 92.464 | I8: 63.092 | J8: 25.68 | K8: 49.842471 | L8: 58.003 | M8: 52.9725 | N8: 54.279 | R8: 10 | S8: 15.630463 | T8: 1958.5 | W8: No Compatibility Constraints
D9: 20 | E9: 0.16622754 | F9: 3000.426 | G9: 8.8326575 | H9: 89.703 | I9: 62.396 | J9: 27.905 | K9: 40.67373 | L9: 74.536 | M9: 59.699 | N9: 49.809 | R9: 20 | S9: 0.16622754 | T9: 3000.426 | W9: 43.789068 | X9: 0.0866614 | Y9: 0.20219891 | Z9: 99.8 | AA9: 72.548 | AB9: 1.05 | AC9: 5.1206571 | AD9: 81.556 | AE9: 90.464 | AF9: 53.456
D10: 40 | E10: 2.4981648 | F10: 3324 | G10: 10.705893 | H10: 88.495 | I10: 62.065 | J10: 27.024 | K10: 40.103689 | L10: 89.11 | M10: 56.037 | N10: 26.884 | R10: 40 | S10: 2.4981648 | T10: 3324 | W10: No Same Type Constraints
C11: sp2 | D11: 5 | E11: 1.322303 | F11: 2043.4 | G11: 19.463888 | H11: 93.009 | I11: 67.713 | J11: 28.568 | K11: 42.772552 | L11: 72.124 | M11: 61.183333 | N11: 50.939 | Q11: sp2 | R11: 5 | S11: 1.322303 | T11: 2043.4 | W11: 32.811974 | X11: 0.127162 | Y11: 0 | Z11: 100 | AA11: 71.358 | AB11: - | AC11: 12.889337 | AD11: 80.92 | AE11: 85.282 | AF11: 50.866
D12: 10 | E12: 5.2861447 | F12: 1541 | G12: 2.0424144 | H12: 92.288 | I12: 69.372 | J12: 29.946 | K12: 35.042056 | L12: 76.677 | M12: 65.115 | N12: 49.045 | R12: 10 | S12: 5.2861447 | T12: 1541 | W12: All Compatibility Constraints
D13: 20 | E13: 0.033198694 | F13: 1840.9 | G13: 3.937349 | H13: 91.272 | I13: 68.421 | J13: 32.177 | K13: 41.479924 | L13: 89.876 | M13: 58.529 | N13: 29.456 | R13: 20 | S13: 0.033198694 | T13: 1840.9 | W13: 2.4981648 | X13: 3324 | Y13: 10.705893 | Z13: 88.495 | AA13: 62.065 | AB13: 27.024 | AC13: 40.103689 | AD13: 89.11 | AE13: 56.037 | AF13: 26.884
D14: 40 | E14: 10.276811 | F14: 3317 | G14: 11.377668 | H14: 87.565 | I14: 67.073 | J14: 27.975 | K14: 37.932577 | L14: 89.55 | M14: 59.355 | N14: 26.858 | R14: 40 | S14: 10.276811 | T14: 3317
C15: sp3 | D15: 5 | E15: 2.3683894 | F15: 1351.5 | G15: 2.5991653 | H15: 91.561 | I15: 65.927 | J15: 29.62 | K15: 26.420913 | L15: 76.172 | M15: 66.545 | N15: 52.326 | Q15: sp3 | R15: 5 | S15: 2.3683894 | T15: 1351.5
D16: 10 | E16: 10.093235 | F16: 1562.1 | G16: 3.4134117 | H16: 91.734 | I16: 65.388 | J16: 28.614 | K16: 36.91858 | L16: 80.744 | M16: 63.203 | N16: 46.972 | R16: 10 | S16: 10.093235 | T16: 1562.1
D17: 20 | E17: 2.4305922 | F17: 3858.4 | G17: 12.706156 | H17: 86.15 | I17: 65.28 | J17: 31.107 | K17: 38.888721 | L17: 85.201 | M17: 59.547 | N17: 35.138 | R17: 20 | S17: 2.4305922 | T17: 3858.4
D18: 40 | E18: 8.3136805 | F18: 1505.813 | G18: 1.5532335 | H18: 89.146 | I18: 64.836 | J18: 30.014 | K18: 31.904799 | L18: 87.753 | M18: 60.375 | N18: 29.625 | R18: 40 | S18: 8.3136805 | T18: 1505.813
C22: S = 25 | K22: S = 25 | V22: Constraints Modification | W22: VSS% | X22: Time (s) | Y22: EVP | AC22: Stochastic - 2 stage
C23: EVP | K23: 2 - Stage Stochastic | M23: Stochastic - 2 stage | Y23: Gap (%) | Z23: O_fs (%) | AA23: F_fs (%) | AB23: F_ss (%) | AC23: Gap (%) | AD23: O_fs (%) | AE23: F_fs (%) | AF23: F_ss (%)
D24: a (%) | E24: Gap (%) | F24: O_fs (%) | G24: F_fs (%) | H24: F_ss (%) | L24: a (%) | M24: Gap (%) | N24: O_fs (%) | O24: F_fs (%) | P24: F_ss (%) | V24: No Compatibility Constraints | W24: 43.789068 | X24: 0.0866614 | Y24: 0.20219891 | Z24: 99.8 | AA24: 72.548 | AB24: 1.05 | AC24: 5.1206571 | AD24: 81.556 | AE24: 90.464 | AF24: 53.456
C25: sp1 | D25: 5 | E25: 9.4008099 | F25: 90.434 | G25: 61.914 | H25: 25.579 | K25: sp1 | L25: 5 | M25: 34.681205 | N25: 71.361 | O25: 63.502 | P25: 56.038 | V25: No Same Type Constraints | W25: 32.811974 | X25: 0.127162 | Y25: 0 | Z25: 100 | AA25: 71.358 | AB25: - | AC25: 12.889337 | AD25: 80.92 | AE25: 85.282 | AF25: 50.866
D26: 10 | E26: 4.0667252 | F26: 92.464 | G26: 63.092 | H26: 25.68 | L26: 10 | M26: 49.842471 | N26: 58.003 | O26: 52.9725 | P26: 54.279 | V26: All Compatibility Constraints | W26: 2.4981648 | X26: 3324 | Y26: 10.705893 | Z26: 88.495 | AA26: 62.065 | AB26: 27.024 | AC26: 40.103689 | AD26: 89.11 | AE26: 56.037 | AF26: 26.884
D27: 20 | E27: 8.8326575 | F27: 89.703 | G27: 62.396 | H27: 27.905 | L27: 20 | M27: 40.67373 | N27: 74.536 | O27: 59.699 | P27: 49.809
D28: 40 | E28: 10.705893 | F28: 88.495 | G28: 62.065 | H28: 27.024 | L28: 40 | M28: 40.103689 | N28: 89.11 | O28: 56.037 | P28: 26.884
C29: sp2 | D29: 5 | E29: 19.463888 | F29: 93.009 | G29: 67.713 | H29: 28.568 | K29: sp2 | L29: 5 | M29: 42.772552 | N29: 72.124 | O29: 61.183333 | P29: 50.939
D30: 10 | E30: 2.0424144 | F30: 92.288 | G30: 69.372 | H30: 29.946 | L30: 10 | M30: 35.042056 | N30: 76.677 | O30: 65.115 | P30: 49.045 | U30: S | V30: VSS% | W30: Time (s) | X30: EVP | AB30: 2-Stage Stochastic
D31: 20 | E31: 3.937349 | F31: 91.272 | G31: 68.421 | H31: 32.177 | L31: 20 | M31: 41.479924 | N31: 89.876 | O31: 58.529 | P31: 29.456 | X31: Gap(%) | Y31: O_fs (%) | Z31: F_fs (%) | AA31: F_ss (%) | AB31: Gap (%) | AC31: O_fs (%) | AD31: F_fs (%) | AE31: F_ss (%)
D32: 40 | E32: 11.377668 | F32: 87.565 | G32: 67.073 | H32: 27.975 | L32: 40 | M32: 37.932577 | N32: 89.55 | O32: 59.355 | P32: 26.858 | U32: S = 3 | V32: 22.722494 | W32: 374.94021 | X32: 0.81991287 | Y32: 96.896 | Z32: 59.86 | AA32: 24.58 | AB32: 44.576938 | AC32: 70.432 | AD32: 64.616 | AE32: 60.652
C33: sp3 | D33: 5 | E33: 2.5991653 | F33: 91.561 | G33: 65.927 | H33: 29.62 | K33: sp3 | L33: 5 | M33: 26.420913 | N33: 76.172 | O33: 66.545 | P33: 52.326 | U33: S = 10 | V33: 15.166885 | W33: 1786.132 | X33: 2.689776 | Y33: 93.53 | Z33: 60.842 | AA33: 22.482 | AB33: 34.568608 | AC33: 71.246 | AD33: 62.954 | AE33: 55.328
D34: 10 | E34: 3.4134117 | F34: 91.734 | G34: 65.388 | H34: 28.614 | L34: 10 | M34: 36.91858 | N34: 80.744 | O34: 63.203 | P34: 46.972 | U34: S = 25 | V34: 15.254193 | W34: 3683.1 | X34: 9.4008099 | Y34: 90.434 | Z34: 61.914 | AA34: 25.579 | AB34: 34.681205 | AC34: 71.361 | AD34: 63.502 | AE34: 56.038
D35: 20 | E35: 12.706156 | F35: 86.15 | G35: 65.28 | H35: 31.107 | L35: 20 | M35: 38.888721 | N35: 85.201 | O35: 59.547 | P35: 35.138
D36: 40 | E36: 1.5532335 | F36: 89.146 | G36: 64.836 | H36: 30.014 | L36: 40 | M36: 31.904799 | N36: 87.753 | O36: 60.375 | P36: 29.625

Sheet Summary
Q6: Fewer Scenarios
B7: S=25 | G7: EVP | K7: Stochastic - 2 stage | Q7: S=3 | V7: EVP | Z7: Stochastic - 2 stage
C8: alfa (%) | D8: VSS% | E8: Time (EVP) | F8: Time (Stochastic) | G8: Gap (%) | H8: O_fs (%) | I8: F_fs (%) | J8: F_ss (%) | K8: Gap (%) | L8: O_fs (%) | M8: F_fs (%) | N8: F_ss (%) | R8: alfa (%) | S8: VSS% | T8: Time (EVP) | U8: Time (Stochastic) | V8: Gap (%) | W8: O_fs (%) | X8: F_fs (%) | Y8: F_ss (%) | Z8: Gap (%) | AA8: O_fs (%) | AB8: F_fs (%) | AC8: F_ss (%)
B9: sp1 | C9: 5 | D9: =sp1_25_a5!$O$7 -> 15.254193 | E9: =sp1_25_a5!$D$25 -> 3683.1 | F9: =sp1_25_a5!$E$41 -> 1975.7 | G9: =sp1_25_a5!$E$26 -> 9.4008099 | H9: =sp1_25_a5!$H$25 -> 90.434 | I9: =sp1_25_a5!$I$25 -> 61.914 | J9: =sp1_25_a5!$J$25 -> 25.579 | K9: =sp1_25_a5!$F$42 -> 34.681205 | L9: =sp1_25_a5!$I$41 -> 71.361 | M9: =sp1_25_a5!$J$41 -> 63.502 | N9: =sp1_25_a5!$K$41 -> 56.038 | Q9: sp1 | R9: 40 | S9: ='3_scenario_a5'!$O$7 -> 22.722494 | T9: ='3_scenario_a5'!$D$25 -> 374.94021 | U9: ='3_scenario_a5'!$E$41 -> 2085 | V9: ='3_scenario_a5'!$E$26 -> 0.81991287 | W9: ='3_scenario_a5'!$H$25 -> 96.896 | X9: ='3_scenario_a5'!$I$25 -> 59.86 | Y9: ='3_scenario_a5'!$J$25 -> 24.58 | Z9: ='3_scenario_a5'!$F$42 -> 44.576938 | AA9: ='3_scenario_a5'!$I$41 -> 70.432 | AB9: ='3_scenario_a5'!$J$41 -> 64.616 | AC9: ='3_scenario_a5'!$K$41 -> 60.652
C10: 10 | D10: =sp1_25_a10!O7 -> 15.630463 | E10: =sp1_25_a10!D25 -> 1958.5 | F10: =sp1_25_a10!E41 -> 3797.8 | G10: =sp1_25_a10!E26 -> 4.0667252 | H10: =sp1_25_a10!H25 -> 92.464 | I10: =sp1_25_a10!I25 -> 63.092 | J10: =sp1_25_a10!J25 -> 25.68 | K10: =sp1_25_a10!F42 -> 49.842471 | L10: =sp1_25_a10!I41 -> 58.003 | M10: =sp1_25_a10!J41 -> 52.9725 | N10: =sp1_25_a10!K41 -> 54.279 | Q10: S = 10
C11: 20 | D11: =sp1_25_a20!O7 -> 0.16622754 | E11: =sp1_25_a20!D25 -> 3000.426 | F11: =sp1_25_a20!E41 -> 2265.5 | G11: =sp1_25_a20!E26 -> 8.8326575 | H11: =sp1_25_a20!H25 -> 89.703 | I11: =sp1_25_a20!I25 -> 62.396 | J11: =sp1_25_a20!J25 -> 27.905 | K11: =sp1_25_a20!F42 -> 40.67373 | L11: =sp1_25_a20!I41 -> 74.536 | M11: =sp1_25_a20!J41 -> 59.699 | N11: =sp1_25_a20!K41 -> 49.809 | Q11: sp1 | R11: 40 | S11: ='10_scenario_a5'!$O$7 -> 15.166885 | T11: ='10_scenario_a5'!$D$25 -> 1786.132 | U11: ='10_scenario_a5'!$E$41 -> 2103.8 | V11: ='10_scenario_a5'!$E$26 -> 2.689776 | W11: ='10_scenario_a5'!$H$25 -> 93.53 | X11: ='10_scenario_a5'!$I$25 -> 60.842 | Y11: ='10_scenario_a5'!$J$25 -> 22.482 | Z11: ='10_scenario_a5'!$F$42 -> 34.568608 | AA11: ='10_scenario_a5'!$I$41 -> 71.246 | AB11: ='10_scenario_a5'!$J$41 -> 62.954 | AC11: ='10_scenario_a5'!$K$41 -> 55.328
C12: 40 | D12: =sp1_25_a40!O7 -> 2.4981648 | E12: =sp1_25_a40!D25 -> 3324 | F12: =sp1_25_a40!E41 -> 1958.2 | G12: =sp1_25_a40!E26 -> 10.705893 | H12: =sp1_25_a40!H25 -> 88.495 | I12: =sp1_25_a40!I25 -> 62.065 | J12: =sp1_25_a40!J25 -> 27.024 | K12: =sp1_25_a40!F42 -> 40.103689 | L12: =sp1_25_a40!I41 -> 89.11 | M12: =sp1_25_a40!J41 -> 56.037 | N12: =sp1_25_a40!K41 -> 26.884
B13: sp2 | C13: 5 | D13: =sp2_25_a5!O7 -> 1.322303 | E13: =sp2_25_a5!D25 -> 2043.4 | F13: =sp2_25_a5!E41 -> 3778 | G13: =sp2_25_a5!E26 -> 19.463888 | H13: =sp2_25_a5!H25 -> 93.009 | I13: =sp2_25_a5!I25 -> 67.713 | J13: =sp2_25_a5!J25 -> 28.568 | K13: =sp2_25_a5!F42 -> 42.772552 | L13: =sp2_25_a5!I41 -> 72.124 | M13: =sp2_25_a5!J41 -> 61.183333 | N13: =sp2_25_a5!K41 -> 50.939 | Q13: No conraints on items' types
C14: 10 | D14: =sp2_25_a10!O7 -> 5.2861447 | E14: =sp2_25_a10!D25 -> 1541 | F14: =sp2_25_a10!E41 -> 1855.1 | G14: =sp2_25_a10!E26 -> 2.0424144 | H14: =sp2_25_a10!H25 -> 92.288 | I14: =sp2_25_a10!I25 -> 69.372 | J14: =sp2_25_a10!J25 -> 29.946 | K14: =sp2_25_a10!F42 -> 35.042056 | L14: =sp2_25_a10!I41 -> 76.677 | M14: =sp2_25_a10!J41 -> 65.115 | N14: =sp2_25_a10!K41 -> 49.045 | Q14: S=25 | V14: EVP | Z14: Stochastic - 2 stage
C15: 20 | D15: =sp2_25_a20!O7 -> 0.033198694 | E15: =sp2_25_a20!D25 -> 1840.9 | F15: =sp2_25_a20!E41 -> 3874.6 | G15: =sp2_25_a20!E26 -> 3.937349 | H15: =sp2_25_a20!H25 -> 91.272 | I15: =sp2_25_a20!I25 -> 68.421 | J15: =sp2_25_a20!J25 -> 32.177 | K15: =sp2_25_a20!F42 -> 41.479924 | L15: =sp2_25_a20!I41 -> 89.876 | M15: =sp2_25_a20!J41 -> 58.529 | N15: =sp2_25_a20!K41 -> 29.456 | R15: alfa (%) | S15: VSS% | T15: Time (EVP) | U15: Time (Stochastic) | V15: Gap (%) | W15: O_fs (%) | X15: F_fs (%) | Y15: F_ss (%) | Z15: Gap (%) | AA15: O_fs (%) | AB15: F_fs (%) | AC15: F_ss (%)
C16: 40 | D16: =sp2_25_a40!O7 -> 10.276811 | E16: =sp2_25_a40!D25 -> 3317 | F16: =sp2_25_a40!E41 -> 2990.7 | G16: =sp2_25_a40!E26 -> 11.377668 | H16: =sp2_25_a40!H25 -> 87.565 | I16: =sp2_25_a40!I25 -> 67.073 | J16: =sp2_25_a40!J25 -> 27.975 | K16: =sp2_25_a40!F42 -> 37.932577 | L16: =sp2_25_a40!I41 -> 89.55 | M16: =sp2_25_a40!J41 -> 59.355 | N16: =sp2_25_a40!K41 -> 26.858 | Q16: sp1 | R16: 40 | S16: =no_type!$O$7 -> 43.789068 | T16: =no_type!$D$25 -> 0.0866614 | U16: =no_type!$E$41 -> 2045.2 | V16: =no_type!$E$26 -> 0.20219891 | W16: =no_type!$H$25 -> 99.8 | X16: =no_type!$I$25 -> 72.548 | Y16: =no_type!$J$25 -> 1.05 | Z16: =no_type!$F$42 -> 5.1206571 | AA16: =no_type!$I$41 -> 81.556 | AB16: =no_type!$J$41 -> 90.464 | AC16: =no_type!$K$41 -> 53.456
B17: sp3 | C17: 5 | D17: =sp3_25_a5!O7 -> 2.3683894 | E17: =sp3_25_a5!D25 -> 1351.5 | F17: =sp3_25_a5!E41 -> 1815.9 | G17: =sp3_25_a5!E26 -> 2.5991653 | H17: =sp3_25_a5!H25 -> 91.561 | I17: =sp3_25_a5!I25 -> 65.927 | J17: =sp3_25_a5!J25 -> 29.62 | K17: =sp3_25_a5!F42 -> 26.420913 | L17: =sp3_25_a5!I41 -> 76.172 | M17: =sp3_25_a5!J41 -> 66.545 | N17: =sp3_25_a5!K41 -> 52.326 | Q17: No same type constraints
C18: 10 | D18: =sp3_25_a10!O7 -> 10.093235 | E18: =sp3_25_a10!D25 -> 1562.1 | F18: =sp3_25_a10!E41 -> 3851.2 | G18: =sp3_25_a10!E26 -> 3.4134117 | H18: =sp3_25_a10!H25 -> 91.734 | I18: =sp3_25_a10!I25 -> 65.388 | J18: =sp3_25_a10!J25 -> 28.614 | K18: =sp3_25_a10!F42 -> 36.91858 | L18: =sp3_25_a10!I41 -> 80.744 | M18: =sp3_25_a10!J41 -> 63.203 | N18: =sp3_25_a10!K41 -> 46.972 | Q18: sp1 | R18: 40 | S18: =no_same_type!$O$7 -> 32.811974 | T18: =no_same_type!$D$25 -> 0.127162 | U18: =no_same_type!$E$41 -> 3615.8 | V18: =no_same_type!$E$26 -> 0 | W18: =no_same_type!$H$25 -> 100 | X18: =no_same_type!$I$25 -> 71.358 | Y18: =IFERROR(no_same_type!$J$25,"-") -> - | Z18: =no_same_type!$F$42 -> 12.889337 | AA18: =no_same_type!$I$41 -> 80.92 | AB18: =no_same_type!$J$41 -> 85.282 | AC18: =no_same_type!$K$41 -> 50.866
C19: 20 | D19: =sp3_25_a20!O7 -> 2.4305922 | E19: =sp3_25_a20!D25 -> 3858.4 | F19: =sp3_25_a20!E41 -> 3959.8 | G19: =sp3_25_a20!E26 -> 12.706156 | H19: =sp3_25_a20!H25 -> 86.15 | I19: =sp3_25_a20!I25 -> 65.28 | J19: =sp3_25_a20!J25 -> 31.107 | K19: =sp3_25_a20!F42 -> 38.888721 | L19: =sp3_25_a20!I41 -> 85.201 | M19: =sp3_25_a20!J41 -> 59.547 | N19: =sp3_25_a20!K41 -> 35.138
C20: 40 | D20: =sp3_25_a40!O7 -> 8.3136805 | E20: =sp3_25_a40!D25 -> 1505.813 | F20: =sp3_25_a40!E41 -> 1945.1 | G20: =sp3_25_a40!E26 -> 1.5532335 | H20: =sp3_25_a40!H25 -> 89.146 | I20: =sp3_25_a40!I25 -> 64.836 | J20: =sp3_25_a40!J25 -> 30.014 | K20: =sp3_25_a40!F42 -> 31.904799 | L20: =sp3_25_a40!I41 -> 87.753 | M20: =sp3_25_a40!J41 -> 60.375 | N20: =sp3_25_a40!K41 -> 29.625
B24: sp1 | H24: sp2 | N24: sp3
B26: Alpha | C26: Method | D26: 2SS | E26: Heuristic | F26: Gap cost | H26: Alpha | I26: Method | J26: 2SS | K26: Heuristic | L26: Gap cost | N26: Alpha | O26: Method | P26: 2SS | Q26: Heuristic | R26: Gap cost | U26: Alpha | V26: Gap cost
B27: 5 | C27: Total cost | D27: =sp1_25_a5!D41 -> 75.848 | E27: ='Hss-sp1_25'!C26 -> 92.403611 | F27: =((E27-D27)/D27) -> 0.21827354 | H27: 5 | I27: Total cost | J27: =sp2_25_a5!D41 -> 105.044 | K27: ='Hss-sp2_25'!$C26 -> 119.35778 | L27: =((K27-J27)/J27) -> 0.13626459 | N27: 5 | O27: Total cost | P27: =sp3_25_a5!D41 -> 124.515 | Q27: ='Hss-sp3_25'!C26 -> 152.47667 | R27: =((Q27-P27)/P27) -> 0.22456464 | U27: 5 | V27: =AVERAGE(F27,L27,R27) -> 0.19303426
C28: F_fs (%) | D28: =M9 -> 63.502 | E28: ='Hss-sp1_25'!F26*100 -> 62.917778 | F28: - | I28: F_fs (%) | J28: =M13 -> 61.183333 | K28: ='Hss-sp2_25'!$F26*100 -> 67.546667 | L28: - | O28: F_fs (%) | P28: =M17 -> 66.545 | Q28: ='Hss-sp3_25'!F26*100 -> 66.37 | R28: - | U28: 10 | V28: =AVERAGE(F30,L30,R30) -> 0.1941318
C29: F_ss (%) | D29: =N9 -> 56.038 | E29: ='Hss-sp1_25'!G26*100 -> 59.244444 | F29: - | I29: F_ss (%) | J29: =N13 -> 50.939 | K29: ='Hss-sp2_25'!$G26*100 -> 59.496667 | L29: - | O29: F_ss (%) | P29: =N17 -> 52.326 | Q29: ='Hss-sp3_25'!G26*100 -> 56.37125 | R29: - | U29: 20 | V29: =AVERAGE(F33,L33,R33) -> 0.2723905
B30: 10 | C30: Total cost | D30: =sp1_25_a10!D41 -> 101.251 | E30: ='Hss-sp1_25'!C43 -> 108.97622 | F30: =((E30-D30)/D30) -> 0.076297738 | H30: 10 | I30: Total cost | J30: =sp2_25_a10!D41 -> 101.889 | K30: ='Hss-sp2_25'!$C43 -> 127.42222 | L30: =((K30-J30)/J30) -> 0.25059842 | N30: 10 | O30: Total cost | P30: =sp3_25_a10!D41 -> 115.622 | Q30: ='Hss-sp3_25'!C43 -> 145.16333 | R30: =((Q30-P30)/P30) -> 0.25549924 | U30: 40 | V30: =AVERAGE(F36,L36,R36) -> 0.38439614
C31: F_fs (%) | D31: =M10 -> 52.9725 | E31: ='Hss-sp1_25'!F43*100 -> 59.933333 | F31: - | I31: F_fs (%) | J31: =M14 -> 65.115 | K31: ='Hss-sp2_25'!$F43*100 -> 68.64 | L31: - | O31: F_fs (%) | P31: =M18 -> 63.203 | Q31: ='Hss-sp3_25'!F43*100 -> 68.332222 | R31: -
C32: F_ss (%) | D32: =N10 -> 54.279 | E32: ='Hss-sp1_25'!G43*100 -> 61.847778 | F32: - | I32: F_ss (%) | J32: =N14 -> 49.045 | K32: ='Hss-sp2_25'!$G43*100 -> 53.9875 | L32: - | O32: F_ss (%) | P32: =N18 -> 46.972 | Q32: ='Hss-sp3_25'!G43*100 -> 50.243333 | R32: -
B33: 20 | C33: Total cost | D33: =sp1_25_a20!D41 -> 88.433 | E33: ='Hss-sp1_25'!C60 -> 106.71111 | F33: =((E33-D33)/D33) -> 0.20668881 | H33: 20 | I33: Total cost | J33: =sp2_25_a20!D41 -> 108.438 | K33: ='Hss-sp2_25'!$C60 -> 141.64889 | L33: =((K33-J33)/J33) -> 0.30626615 | N33: 20 | O33: Total cost | P33: =sp3_25_a20!D41 -> 132.478 | Q33: ='Hss-sp3_25'!C60 -> 172.78 | R33: =((Q33-P33)/P33) -> 0.30421655
C34: F_fs (%) | D34: =M11 -> 59.699 | E34: ='Hss-sp1_25'!F60*100 -> 63.555556 | F34: - | I34: F_fs (%) | J34: =M15 -> 58.529 | K34: ='Hss-sp2_25'!$F60*100 -> 69.311111 | L34: - | O34: F_fs (%) | P34: =M19 -> 59.547 | Q34: ='Hss-sp3_25'!F60*100 -> 68.441111 | R34: -
C35: F_ss (%) | D35: =N11 -> 49.809 | E35: ='Hss-sp1_25'!G60*100 -> 55.855 | F35: - | I35: F_ss (%) | J35: =N15 -> 29.456 | K35: ='Hss-sp2_25'!$G60*100 -> 61.577778 | L35: - | O35: F_ss (%) | P35: =N19 -> 35.138 | Q35: ='Hss-sp3_25'!G60*100 -> 55.53875 | R35: -
B36: 40 | C36: Total cost | D36: ='3_scenario_a5'!D41 -> 66.586 | E36: ='Hss-sp1_25'!C77 -> 116.37778 | F36: =((E36-D36)/D36) -> 0.74778148 | H36: 40 | I36: Total cost | J36: =sp2_25_a40!D41 -> 102.814 | K36: ='Hss-sp2_25'!$C77 -> 133.57778 | L36: =((K36-J36)/J36) -> 0.29921779 | N36: 40 | O36: Total cost | P36: =sp3_25_a40!D41 -> 142.897 | Q36: ='Hss-sp3_25'!C77 -> 158.07111 | R36: =((Q36-P36)/P36) -> 0.10618915
C37: F_fs (%) | D37: =M12 -> 56.037 | E37: ='Hss-sp1_25'!F77*100 -> 63.935556 | F37: - | I37: F_fs (%) | J37: =M16 -> 59.355 | K37: ='Hss-sp2_25'!$F77*100 -> 68.45 | L37: - | O37: F_fs (%) | P37: =M20 -> 60.375 | Q37: ='Hss-sp3_25'!F77*100 -> 65.951111 | R37: -
C38: F_ss (%) | D38: =N12 -> 26.884 | E38: ='Hss-sp1_25'!G77*100 -> 67.98 | F38: - | I38: F_ss (%) | J38: =N16 -> 26.858 | K38: ='Hss-sp2_25'!$G77*100 -> 66.1975 | L38: - | O38: F_ss (%) | P38: =N20 -> 29.625 | Q38: ='Hss-sp3_25'!G77*100 -> 52.682857 | R38: -

Sheet no_type
A1: bins J (1° stage) | B1: 7 | C1: 11 | D1: 13 | E1: 14 | F1: 15 | G1: 16 | H1: 17 | I1: 21 | N1: # fixed bins | O1: OF | P1: Time | Q1: Gap | R1: LB
A2: deterministic solution | N2: 8 | O2: 78.97 | P2: 900 | Q2: 0.2335 | R2: 60.53
A3: EVP
O6: VSS%
O7: =((ABS(C25-D41))/D41)*100 -> 43.789068
A13: zEVP | B13: # bins extra | C13: OF | D13: time_execution | E13: Gap | F13: LB | G13: Optimality reached? | H13: O_fs | I13: F_fs | J13: F_ss | K13: #items
A14: 1 | B14: 0.04 | C14: 79.37 | D14: 0.08097 | E14: 0.4989 | F14: 78.97 | G14: =IF(E14=0,"Yes","No") -> No | H14: 99.5 | I14: 68.69 | J14: 1.11
A15: 2 | B15: 0.04 | C15: 79.37 | D15: 0.08804 | E15: 0.4989 | F15: 78.97 | G15: =IF(E15=0,"Yes","No") -> No | H15: 99.5 | I15: 73.8 | J15: 0.99
A16: 3 | B16: 0 | C16: 78.97 | D16: 0.08367 | E16: 0 | F16: 78.97 | G16: =IF(E16=0,"Yes","No") -> Yes | H16: 100 | I16: 73.21
A17: 4 | B17: 0 | C17: 78.97 | D17: 0.07943 | E17: 0 | F17: 78.97 | G17: =IF(E17=0,"Yes","No") -> Yes | H17: 100 | I17: 72.67
A18: 5 | B18: 0 | C18: 78.97 | D18: 0.101197 | E18: 0 | F18: 78.97 | G18: =IF(E18=0,"Yes","No") -> Yes | H18: 100 | I18: 74.37
A19: 6 | G19: =IF(E19=0,"Yes","No") -> Yes
A20: 7 | G20: =IF(E20=0,"Yes","No") -> Yes
A21: 8 | G21: =IF(E21=0,"Yes","No") -> Yes
A22: 9 | G22: =IF(E22=0,"Yes","No") -> Yes
A23: 10 | G23: =IF(E23=0,"Yes","No") -> Yes
A25: avg | B25: =AVERAGE(B14:B23) -> 0.016 | C25: =AVERAGE(C14:C23) -> 79.13 | D25: =AVERAGE(D14:D23) -> 0.0866614 | E25: =AVERAGE(E14:E23) -> 0.19956 | F25: =AVERAGE(F14:F23) -> 78.97 | G25: =(COUNTIF(G14:G23,"Yes")/10)*100 -> 80 | H25: =AVERAGE(H14:H23) -> 99.8 | I25: =AVERAGE(I14:I23) -> 72.548 | J25: =AVERAGE(J14:J23) -> 1.05 | K25: =AVERAGE(K14:K23) -> #DIV/0!
E26: =((C25-F25)/C25)*100 -> 0.20219891
A29: Stochastic 2 stage | B29: # fixed bins | C29: bins extra | D29: OF | E29: time_execution | F29: Gap | G29: LB | H29: Optimality reached? | I29: O_fs | J29: F_fs | K29: F_ss | L29: # items
A30: 1 | B30: 5 | C30: 0.72 | D30: 44.98 | E30: 1976 | F30: 2.3698 | G30: 43.92 | H30: =IF(F30=0,"Yes","No") -> No | I30: 84.03 | J30: 90.11 | K30: 49.49
A31: 2 | B31: 5 | C31: 1.12 | D31: 51.98 | E31: 2850 | F31: 5.0381 | G31: 49.36 | H31: =IF(F31=0,"Yes","No") -> No | I31: 77.25 | J31: 91.98 | K31: 62.2
A32: 3 | B32: 6 | C32: 0.56 | D32: 65.46 | E32: 1800 | F32: 7.9375 | G32: 60.26 | H32: =IF(F32=0,"Yes","No") -> No | I32: 89.89 | J32: 87.46 | K32: 38.88
A33: 4 | B33: 5 | C33: 0.88 | D33: 61.68 | E33: 1800 | F33: 5.5369 | G33: 58.27 | H33: =IF(F33=0,"Yes","No") -> No | I33: 80.82 | J33: 90.15 | K33: 50.8
A34: 5 | B34: 5 | C34: 1.16 | D34: 51.06 | E34: 1800 | F34: 3.5232 | G34: 49.26 | H34: =IF(F34=0,"Yes","No") -> No | I34: 75.79 | J34: 92.62 | K34: 65.91
A35: 6 | H35: =IF(F35=0,"Yes","No") -> Yes
A36: 7 | H36: =IF(F36=0,"Yes","No") -> Yes
A37: 8 | H37: =IF(F37=0,"Yes","No") -> Yes
A38: 9 | H38: =IF(F38=0,"Yes","No") -> Yes
A39: 10 | H39: =IF(F39=0,"Yes","No") -> Yes
A41: avg | B41: =AVERAGE(B30:B39) -> 5.2 | C41: =AVERAGE(C30:C39) -> 0.888 | D41: =AVERAGE(D30:D39) -> 55.032 | E41: =AVERAGE(E30:E39) -> 2045.2 | F41: =AVERAGE(F30:F39) -> 4.8811 | G41: =AVERAGE(G30:G39) -> 52.214 | H41: =(COUNTIF(H30:H39,"Yes")/10)*100 -> 50 | I41: =AVERAGE(I30:I39) -> 81.556 | J41: =AVERAGE(J30:J39) -> 90.464 | K41: =AVERAGE(K30:K39) -> 53.456 | L41: =AVERAGE(L30:L39) -> #DIV/0!
F42: =((D41-G41)/D41)*100 -> 5.1206571

Sheet no_same_type
A1: bins J (1° stage) | B1: 7 | C1: 11 | D1: 13 | E1: 14 | F1: 15 | G1: 16 | H1: 17 | I1: 21 | N1: # fixed bins | O1: OF | P1: Time | Q1: Gap | R1: LB
A2: deterministic solution | N2: 8 | O2: 78.97 | P2: 900 | Q2: 0.2335 | R2: 60.53
A3: EVP
O6: VSS%
O7: =((ABS(C25-D41))/D41)*100 -> 32.811974
A13: zEVP | B13: # bins extra | C13: OF | D13: time_execution | E13: Gap | F13: LB | G13: Optimality reached? | H13: O_fs | I13: F_fs | J13: F_ss | K13: #items
A14: 1 | B14: 0 | C14: 78.97 | D14: 0.23205 | E14: 0 | F14: 78.97 | G14: =IF(E14=0,"Yes","No") -> Yes | H14: 100 | I14: 69.34
A15: 2 | B15: 0 | C15: 78.97 | D15: 0.10295 | E15: 0 | F15: 78.97 | G15: =IF(E15=0,"Yes","No") -> Yes | H15: 100 | I15: 71.7
A16: 3 | B16: 0 | C16: 78.97 | D16: 0.0988 | E16: 0 | F16: 78.97 | G16: =IF(E16=0,"Yes","No") -> Yes | H16: 100 | I16: 71.58
A17: 4 | B17: 0 | C17: 78.97 | D17: 0.09415 | E17: 0 | F17: 78.97 | G17: =IF(E17=0,"Yes","No") -> Yes | H17: 100 | I17: 69.54
A18: 5 | B18: 0 | C18: 78.97 | D18: 0.10786 | E18: 0 | F18: 78.97 | G18: =IF(E18=0,"Yes","No") -> Yes | H18: 100 | I18: 74.63
A19: 6 | G19: =IF(E19=0,"Yes","No") -> Yes
A20: 7 | G20: =IF(E20=0,"Yes","No") -> Yes
A21: 8 | G21: =IF(E21=0,"Yes","No") -> Yes
A22: 9 | G22: =IF(E22=0,"Yes","No") -> Yes
A23: 10 | G23: =IF(E23=0,"Yes","No") -> Yes
A25: avg | B25: =AVERAGE(B14:B23) -> 0 | C25: =AVERAGE(C14:C23) -> 78.97 | D25: =AVERAGE(D14:D23) -> 0.127162 | E25: =AVERAGE(E14:E23) -> 0 | F25: =AVERAGE(F14:F23) -> 78.97 | G25: =(COUNTIF(G14:G23,"Yes")/10)*100 -> 100 | H25: =AVERAGE(H14:H23) -> 100 | I25: =AVERAGE(I14:I23) -> 71.358 | J25: =AVERAGE(J14:J23) -> #DIV/0! | K25: =AVERAGE(K14:K23) -> #DIV/0!
E26: =((C25-F25)/C25)*100 -> 0
A29: Stochastic 2 stage | B29: # fixed bins | C29: bins extra | D29: OF | E29: time_execution | F29: Gap | G29: LB | H29: Optimality reached? | I29: O_fs | J29: F_fs | K29: F_ss | L29: # items
A30: 1 | B30: 5 | C30: 0.76 | D30: 45.06 | E30: 3949 | F30: 2.4739 | G30: 43.94 | H30: =IF(F30=0,"Yes","No") -> No | I30: 83.89 | J30: 90.08 | K30: 46.79
A31: 2 | B31: 5 | C31: 1.12 | D31: 52.28 | E31: 3611 | F31: 5.5659 | G31: 49.37 | H31: =IF(F31=0,"Yes","No") -> No | I31: 76.79 | J31: 91.63 | K31: 60.92
A32: 3 | B32: 8 | C32: 0.56 | D32: 83.94 | E32: 3659 | F32: 28.8668 | G32: 59.71 | H32: =IF(F32=0,"Yes","No") -> No | I32: 91.63 | J32: 67.08 | K32: 33.09
A33: 4 | B33: 5 | C33: 0.96 | D33: 64.04 | E33: 1879 | F33: 10.3567 | G33: 57.41 | H33: =IF(F33=0,"Yes","No") -> No | I33: 77.84 | J33: 86.2 | K33: 47.98
A34: 5 | B34: 5 | C34: 1.24 | D34: 51.98 | E34: 4981 | F34: 6.594 | G34: 48.55 | H34: =IF(F34=0,"Yes","No") -> No | I34: 74.45 | J34: 91.42 | K34: 65.55
A35: 6 | H35: =IF(F35=0,"Yes","No") -> Yes
A36: 7 | H36: =IF(F36=0,"Yes","No") -> Yes
A37: 8 | H37: =IF(F37=0,"Yes","No") -> Yes
A38: 9 | H38: =IF(F38=0,"Yes","No") -> Yes
A39: 10 | H39: =IF(F39=0,"Yes","No") -> Yes
A41: avg | B41: =AVERAGE(B30:B39) -> 5.6 | C41: =AVERAGE(C30:C39) -> 0.928 | D41: =AVERAGE(D30:D39) -> 59.46 | E41: =AVERAGE(E30:E39) -> 3615.8 | F41: =AVERAGE(F30:F39) -> 10.77146 | G41: =AVERAGE(G30:G39) -> 51.796 | H41: =(COUNTIF(H30:H39,"Yes")/10)*100 -> 50 | I41: =AVERAGE(I30:I39) -> 80.92 | J41: =AVERAGE(J30:J39) -> 85.282 | K41: =AVERAGE(K30:K39) -> 50.866 | L41: =AVERAGE(L30:L39) -> #DIV/0!
F42: =((D41-G41)/D41)*100 -> 12.889337

Sheet 3_scenario_a5
A1: bins J (1° stage) | B1: 7 | C1: 11 | D1: 13 | E1: 14 | F1: 15 | G1: 16 | H1: 17 | I1: 21 | N1: # fixed bins | O1: OF | P1: Time | Q1: Gap | R1: LB
A2: deterministic solution | N2: 8 | O2: 78.97 | P2: 900 | Q2: 0.2335 | R2: 60.53
A3: EVP
O6: VSS%
O7: =((ABS(C25-D41))/D41)*100 -> 22.722494
A13: zEVP | B13: # bins extra | C13: OF | D13: time_execution | E13: Gap | F13: LB | G13: Optimality reached? | H13: O_fs | I13: F_fs | J13: F_ss | K13: #items
A14: 1 | B14: 0 | C14: 78.97 | D14: 0.15081 | E14: 0 | F14: 78.97 | G14: =IF(E14=0,"Yes","No") -> Yes | H14: 100 | I14: 60.93
A15: 2 | B15: 0 | C15: 78.97 | D15: 0.07245 | E15: 0 | F15: 78.97 | G15: =IF(E15=0,"Yes","No") -> Yes | H15: 100 | I15: 57.44
A16: 3 | B16: 0 | C16: 78.97 | D16: 0.06228 | E16: 0 | F16: 78.97 | G16: =IF(E16=0,"Yes","No") -> Yes | H16: 100 | I16: 55.64
A17: 4 | B17: 1.33 | C17: 90.23 | D17: 1867.7201 | E17: 3.7033 | F17: 86.88 | G17: =IF(E17=0,"Yes","No") -> No | H17: 87.52 | I17: 70.11 | J17: 35.63
A18: 5 | B18: 0.33 | C18: 81.44 | D18: 6.6954 | E18: 0 | F18: 81.44 | G18: =IF(E18=0,"Yes","No") -> Yes | H18: 96.96 | I18: 55.18 | J18: 13.53
A19: 6 | G19: =IF(E19=0,"Yes","No") -> Yes
A20: 7 | G20: =IF(E20=0,"Yes","No") -> Yes
A21: 8 | G21: =IF(E21=0,"Yes","No") -> Yes
A22: 9 | G22: =IF(E22=0,"Yes","No") -> Yes
A23: 10 | G23: =IF(E23=0,"Yes","No") -> Yes
A25: avg | B25: =AVERAGE(B14:B23) -> 0.332 | C25: =AVERAGE(C14:C23) -> 81.716 | D25: =AVERAGE(D14:D23) -> 374.94021 | E25: =AVERAGE(E14:E23) -> 0.74066 | F25: =AVERAGE(F14:F23) -> 81.046 | G25: =(COUNTIF(G14:G23,"Yes")/10)*100 -> 90 | H25: =AVERAGE(H14:H23) -> 96.896 | I25: =AVERAGE(I14:I23) -> 59.86 | J25: =AVERAGE(J14:J23) -> 24.58 | K25: =AVERAGE(K14:K23) -> #DIV/0!
E26: =((C25-F25)/C25)*100 -> 0.81991287
A29: Stochastic 2 stage | B29: # fixed bins | C29: bins extra | D29: OF | E29: time_execution | F29: Gap | G29: LB | H29: Optimality reached? | I29: O_fs | J29: F_fs | K29: F_ss | L29: # items
A30: 1 | B30: 6 | C30: 1 | D30: 70.97 | E30: 1868 | F30: 32.0652 | G30: 4.82 | H30: =IF(F30=0,"Yes","No") -> No | I30: 73.49 | J30: 61.94 | K30: 57.08
A31: 2 | B31: 8 | C31: 2 | D31: 67.94 | E31: 2548 | F31: 27.3301 | G31: 49.37 | H31: =IF(F31=0,"Yes","No") -> No | I31: 75.55 | J31: 71.06 | K31: 65.41
A32: 3 | B32: 6 | C32: 0.67 | D32: 53.87 | E32: 1933 | F32: 30.3844 | G32: 37.5 | H32: =IF(F32=0,"Yes","No") -> No | I32: 74.63 | J32: 52.73 | K32: 43.53
A33: 4 | B33: 8 | C33: 2.33 | D33: 84.43 | E33: 2276 | F33: 31.8995 | G33: 57.5 | H33: =IF(F33=0,"Yes","No") -> No | I33: 69.03 | J33: 70.44 | K33: 73.54
A34: 5 | B34: 4 | C34: 3 | D34: 55.72 | E34: 1800 | F34: 36.5975 | G34: 35.33 | H34: =IF(F34=0,"Yes","No") -> No | I34: 59.46 | J34: 66.91 | K34: 63.7
A35: 6 | H35: =IF(F35=0,"Yes","No") -> Yes
A36: 7 | H36: =IF(F36=0,"Yes","No") -> Yes
A37: 8 | H37: =IF(F37=0,"Yes","No") -> Yes
A38: 9 | H38: =IF(F38=0,"Yes","No") -> Yes
A39: 10 | H39: =IF(F39=0,"Yes","No") -> Yes
A41: avg | B41: =AVERAGE(B30:B39) -> 6.4 | C41: =AVERAGE(C30:C39) -> 1.8 | D41: =AVERAGE(D30:D39) -> 66.586 | E41: =AVERAGE(E30:E39) -> 2085 | F41: =AVERAGE(F30:F39) -> 31.65534 | G41: =AVERAGE(G30:G39) -> 36.904 | H41: =(COUNTIF(H30:H39,"Yes")/10)*100 -> 50 | I41: =AVERAGE(I30:I39) -> 70.432 | J41: =AVERAGE(J30:J39) -> 64.616 | K41: =AVERAGE(K30:K39) -> 60.652 | L41: =AVERAGE(L30:L39) -> #DIV/0!
F42: =((D41-G41)/D41)*100 -> 44.576938

Sheet 10_scenario_a5
A1: bins J (1° stage) | B1: 7 | C1: 11 | D1: 13 | E1: 14 | F1: 15 | G1: 16 | H1: 17 | I1: 21 | N1: # fixed bins | O1: OF | P1: Time | Q1: Gap | R1: LB
A2: deterministic solution | N2: 8 | O2: 78.97 | P2: 900 | Q2: 0.2335 | R2: 60.53
A3: EVP
O6: VSS%
O7: =((ABS(C25-D41))/D41)*100 -> 15.166885
A13: zEVP | B13: # bins extra | C13: OF | D13: time_execution | E13: Gap | F13: LB | G13: Optimality reached? | H13: O_fs | I13: F_fs | J13: F_ss | K13: #items
A14: 1 | B14: 0.3 | C14: 81.6 | D14: 473.66 | E14: 0.9097 | F14: 80.86 | G14: =IF(E14=0,"Yes","No") -> No | H14: 96.77 | I14: 60.46 | J14: 9.94
A15: 2 | B15: 0.5 | C15: 83.5 | D15: 1800 | E15: 1.377 | F15: 82.35 | G15: =IF(E15=0,"Yes","No") -> No | H15: 94.58 | I15: 59.44 | J15: 23.85
A16: 3 | B16: 0.8 | C16: 86.54 | D16: 3057 | E16: 5.442 | F16: 81.83 | G16: =IF(E16=0,"Yes","No") -> No | H16: 91.25 | I16: 59.12 | J16: 28.05
A17: 4 | B17: 0.7 | C17: 84.98 | D17: 1800 | E17: 2.1058 | F17: 83.19 | G17: =IF(E17=0,"Yes","No") -> No | H17: 92.93 | I17: 63.27 | J17: 23.87
A18: 5 | B18: 0.8 | C18: 85.72 | D18: 1800 | E18: 3.4639 | F18: 82.75 | G18: =IF(E18=0,"Yes","No") -> No | H18: 92.12 | I18: 61.92 | J18: 26.7
A19: 6 | G19: =IF(E19=0,"Yes","No") -> Yes
A20: 7 | G20: =IF(E20=0,"Yes","No") -> Yes
A21: 8 | G21: =IF(E21=0,"Yes","No") -> Yes
A22: 9 | G22: =IF(E22=0,"Yes","No") -> Yes
A23: 10 | G23: =IF(E23=0,"Yes","No") -> Yes
A25: avg | B25: =AVERAGE(B14:B23) -> 0.62 | C25: =AVERAGE(C14:C23) -> 84.468 | D25: =AVERAGE(D14:D23) -> 1786.132 | E25: =AVERAGE(E14:E23) -> 2.65968 | F25: =AVERAGE(F14:F23) -> 82.196 | G25: =(COUNTIF(G14:G23,"Yes")/10)*100 -> 50 | H25: =AVERAGE(H14:H23) -> 93.53 | I25: =AVERAGE(I14:I23) -> 60.842 | J25: =AVERAGE(J14:J23) -> 22.482 | K25: =AVERAGE(K14:K23) -> #DIV/0!
E26: =((C25-F25)/C25)*100 -> 2.689776
A29: Stochastic 2 stage | B29: # fixed bins | C29: bins extra | D29: OF | E29: time_execution | F29: Gap | G29: LB | H29: Optimality reached? | I29: O_fs | J29: F_fs | K29: F_ss | L29: # items
A30: 1 | B30: 5 | C30: 2.5 | D30: 76.54 | E30: 2577 | F30: 33.8587 | G30: 50.62 | H30: =IF(F30=0,"Yes","No") -> No | I30: 68.14 | J30: 60.27 | K30: 58.89
A31: 2 | B31: 7 | C31: 2.8 | D31: 78.64 | E31: 1800 | F31: 31.3317 | G31: 53.4 | H31: =IF(F31=0,"Yes","No") -> No | I31: 76.49 | J31: 71.05 | K31: 57.55
A32: 3 | B32: 6 | C32: 2 | D32: 65.53 | E32: 2265 | F32: 32.8629 | G32: 43.4 | H32: =IF(F32=0,"Yes","No") -> No | I32: 73.61 | J32: 55.24 | K32: 40.17
A33: 4 | B33: 5 | C33: 3.5 | D33: 76.75 | E33: 1800 | F33: 33.5294 | G33: 51.02 | H33: =IF(F33=0,"Yes","No") -> No | I33: 65.8 | J33: 63.87 | K33: 61.8
A34: 5 | B34: 7 | C34: 2.5 | D34: 69.26 | E34: 2077 | F34: 40.0689 | G34: 41.51 | H34: =IF(F34=0,"Yes","No") -> No | I34: 72.19 | J34: 64.34 | K34: 58.23
A35: 6 | H35: =IF(F35=0,"Yes","No") -> Yes
A36: 7 | H36: =IF(F36=0,"Yes","No") -> Yes
A37: 8 | H37: =IF(F37=0,"Yes","No") -> Yes
A38: 9 | H38: =IF(F38=0,"Yes","No") -> Yes
A39: 10 | H39: =IF(F39=0,"Yes","No") -> Yes
A41: avg | B41: =AVERAGE(B30:B39) -> 6 | C41: =AVERAGE(C30:C39) -> 2.66 | D41: =AVERAGE(D30:D39) -> 73.344 | E41: =AVERAGE(E30:E39) -> 2103.8 | F41: =AVERAGE(F30:F39) -> 34.33032 | G41: =AVERAGE(G30:G39) -> 47.99 | H41: =(COUNTIF(H30:H39,"Yes")/10)*100 -> 50 | I41: =AVERAGE(I30:I39) -> 71.246 | J41: =AVERAGE(J30:J39) -> 62.954 | K41: =AVERAGE(K30:K39) -> 55.328 | L41: =AVERAGE(L30:L39) -> #DIV/0!
F42: =((D41-G41)/D41)*100 -> 34.568608

Sheet 3_scenarios
A1: bins J (1° stage) | B1: 7 | C1: 11 | D1: 13 | E1: 14 | F1: 15 | G1: 16 | H1: 17 | I1: 21 | N1: # fixed bins | O1: OF | P1: Time | Q1: Gap | R1: LB
A2: deterministic solution | N2: 8 | O2: 78.97 | P2: 900 | Q2: 0.2335 | R2: 60.53
A3: EVP
O6: VSS%
O7: =((ABS(C25-D41))/D41)*100 -> 6.5172776
A13: zEVP | B13: # bins extra | C13: OF | D13: time_execution | E13: Gap | F13: LB | G13: Optimality reached? | H13: O_fs | I13: F_fs | J13: F_ss | K13: #items
A14: 1 | B14: 0.67 | C14: 85.57 | D14: 12.99 | E14: 0 | F14: 85.57 | G14: =IF(E14=0,"Yes","No") -> Yes | H14: 92.29 | I14: 69.86 | J14: 37.31
A15: 2 | B15: 0.33 | C15: 82.27 | D15: 3.27 | E15: 0 | F15: 82.27 | G15: =IF(E15=0,"Yes","No") -> Yes | H15: 95.99 | I15: 58.47 | J15: 23.73
A16: 3 | B16: 0.67 | C16: 87.38 | D16: 2421.78 | E16: 3.7759 | F16: 84.08 | G16: =IF(E16=0,"Yes","No") -> No | H16: 90.38 | I16: 64.18 | J16: 18.68
A17: 4 | B17: 0.67 | C17: 87.38 | D17: 5010 | E17: 6.9289 | F17: 81.32 | G17: =IF(E17=0,"Yes","No") -> No | H17: 90.38 | I17: 60.65 | J17: 20.19
A18: 5 | B18: 2 | C18: 103.75 | D18: 5259 | E18: 23.8878 | F18: 78.97 | G18: =IF(E18=0,"Yes","No") -> No | H18: 76.11 | I18: 69 | J18: 41.93
A19: 6 | G19: =IF(E19=0,"Yes","No") -> Yes
A20: 7 | G20: =IF(E20=0,"Yes","No") -> Yes
A21: 8 | G21: =IF(E21=0,"Yes","No") -> Yes
A22: 9 | G22: =IF(E22=0,"Yes","No") -> Yes
A23: 10 | G23: =IF(E23=0,"Yes","No") -> Yes
A25: avg | B25: =AVERAGE(B14:B23) -> 0.868 | C25: =AVERAGE(C14:C23) -> 89.27 | D25: =AVERAGE(D14:D23) -> 2541.408 | E25: =AVERAGE(E14:E23) -> 6.91852 | F25: =AVERAGE(F14:F23) -> 82.442 | G25: =(COUNTIF(G14:G23,"Yes")/10)*100 -> 70 | H25: =AVERAGE(H14:H23) -> 89.03 | I25: =AVERAGE(I14:I23) -> 64.432 | J25: =AVERAGE(J14:J23) -> 28.368 | K25: =AVERAGE(K14:K23) -> #DIV/0!
E26: =((C25-F25)/C25)*100 -> 7.6487062
A29: Stochastic 2 stage | B29: # fixed bins | C29: bins extra | D29: OF | E29: time_execution | F29: Gap | G29: LB | H29: Optimality reached? | I29: O_fs | J29: F_fs | K29: F_ss | L29: # items
A30: 1 | B30: 8 | C30: 0.33 | D30: 67.21 | E30: 2137 | F30: 30.8171 | G30: 46.5 | H30: =IF(F30=0,"Yes","No") -> No | I30: 94.97 | J30: 60.36 | K30: 3.56
A31: 2 | B31: 6 | C31: 1.33 | D31: 61.63 | E31: 2653 | F31: 34.5426 | G31: 40.34 | H31: =IF(F31=0,"Yes","No") -> No | I31: 78.86 | J31: 61.6 | K31: 52.16
A32: 3 | B32: 8 | C32: 1 | D32: 76.41 | E32: 2007 | F32: 37.9045 | G32: 47.45 | H32: =IF(F32=0,"Yes","No") -> No | I32: 88.49 | J32: 61.16 | K32: 16.67
A33: 4 | B33: 8 | C33: 1 | D33: 97.46 | E33: 1811 | F33: 36.3969 | G33: 61.99 | H33: =IF(F33=0,"Yes","No") -> No | I33: 85.06 | J33: 62.11 | K33: 18.44
A34: 5 | B34: 9 | C34: 1.33 | D34: 116.33 | E34: 1899 | F34: 35.1325 | G34: 75.46 | H34: =IF(F34=0,"Yes","No") -> No | I34: 83.63 | J34: 61.62 | K34: 44.25
A35: 6 | H35: =IF(F35=0,"Yes","No") -> Yes
A36: 7 | H36: =IF(F36=0,"Yes","No") -> Yes
A37: 8 | H37: =IF(F37=0,"Yes","No") -> Yes
A38: 9 | H38: =IF(F38=0,"Yes","No") -> Yes
A39: 10 | H39: =IF(F39=0,"Yes","No") -> Yes
A41: avg | B41: =AVERAGE(B30:B39) -> 7.8 | C41: =AVERAGE(C30:C39) -> 0.998 | D41: =AVERAGE(D30:D39) -> 83.808 | E41: =AVERAGE(E30:E39) -> 2101.4 | F41: =AVERAGE(F30:F39) -> 34.95872 | G41: =AVERAGE(G30:G39) -> 54.348 | H41: =(COUNTIF(H30:H39,"Yes")/10)*100 -> 50 | I41: =AVERAGE(I30:I39) -> 86.202 | J41: =AVERAGE(J30:J39) -> 61.37 | K41: =AVERAGE(K30:K39) -> 27.016 | L41: =AVERAGE(L30:L39) -> #DIV/0!
F42: =((D41-G41)/D41)*100 -> 35.151775

Sheet 10_scenarios
A1: bins J (1° stage) | B1: 7 | C1: 11 | D1: 13 | E1: 14 | F1: 15 | G1: 16 | H1: 17 | I1: 21 | N1: # fixed bins | O1: OF | P1: Time | Q1: Gap | R1: LB
A2: deterministic solution | N2: 8 | O2: 78.97 | P2: 900 | Q2: 0.2335 | R2: 60.53
A3: EVP
O6: VSS%
O7: =((ABS(C25-D41))/D41)*100 -> 6.5942401
A13: zEVP | B13: # bins extra | C13: OF | D13: time_execution | E13: Gap | F13: LB | G13: Optimality reached? | H13: O_fs | I13: F_fs | J13: F_ss | K13: #items
A14: 1 | B14: 0.6 | C14: 85.45 | D14: 727 | E14: 0.6357 | F14: 84.91 | G14: =IF(E14=0,"Yes","No") -> No | H14: 92.41 | I14: 63.63 | J14: 31.2
A15: 2 | B15: 0.4 | C15: 83.47 | D15: 5231 | E15: 1.4537 | F15: 82.26 | G15: =IF(E15=0,"Yes","No") -> No | H15: 94.61 | I15: 60.46 | J15: 18.87
A16: 3 | B16: 0.7 | C16: 87.53 | D16: 2462 | E16: 9.7776 | F16: 78.97 | G16: =IF(E16=0,"Yes","No") -> No | H16: 90.22 | I16: 64.65 | J16: 24.03
A17: 4 | B17: 0.5 | C17: 85.45 | D17: 4089 | E17: 7.5855 | F17: 78.97 | G17: =IF(E17=0,"Yes","No") -> No | H17: 92.41 | I17: 61.45 | J17: 16.84
A18: 5 | B18: 1.3 | C18: 93.74 | D18: 4815 | E18: 15.7601 | F18: 78.97 | G18: =IF(E18=0,"Yes","No") -> No | H18: 84.24 | I18: 63.95 | J18: 32.45
A19: 6 | G19: =IF(E19=0,"Yes","No") -> Yes
A20: 7 | G20: =IF(E20=0,"Yes","No") -> Yes
A21: 8 | G21: =IF(E21=0,"Yes","No") -> Yes
A22: 9 | G22: =IF(E22=0,"Yes","No") -> Yes
A23: 10 | G23: =IF(E23=0,"Yes","No") -> Yes
A25: avg | B25: =AVERAGE(B14:B23) -> 0.7 | C25: =AVERAGE(C14:C23) -> 87.128 | D25: =AVERAGE(D14:D23) -> 3464.8 | E25: =AVERAGE(E14:E23) -> 7.04252 | F25: =AVERAGE(F14:F23) -> 80.816 | G25: =(COUNTIF(G14:G23,"Yes")/10)*100 -> 50 | H25: =AVERAGE(H14:H23) -> 90.778 | I25: =AVERAGE(I14:I23) -> 62.828 | J25: =AVERAGE(J14:J23) -> 24.678 | K25: =AVERAGE(K14:K23) -> #DIV/0!
E26: =((C25-F25)/C25)*100 -> 7.2445138
A29: Stochastic 2 stage | B29: # fixed bins | C29: bins extra | D29: OF | E29: time_execution | F29: Gap | G29: LB | H29: Optimality reached? | I29: O_fs | J29: F_fs | K29: F_ss | L29: # items
A30: 1 | B30: 7 | C30: 1.1 | D30: 66.71 | E30: 2589 | F30: 32.8584 | G30: 44.79 | H30: =IF(F30=0,"Yes","No") -> No | I30: 82.58 | J30: 55.98 | K30: 42.65
A31: 2 | B31: 8 | C31: 0.7 | D31: 67.37 | E31: 1887 | F31: 38.379 | G31: 41.51 | H31: =IF(F31=0,"Yes","No") -> No | I31: 91.08 | J31: 57.31 | K31: 23.66
A32: 3 | B32: 8 | C32: 0.6 | D32: 75.27 | E32: 2454 | F32: 36.5017 | G32: 47.8 | H32: =IF(F32=0,"Yes","No") -> No | I32: 91.66 | J32: 59.96 | K32: 17.67
A33: 4 | B33: 8 | C33: 0.7 | D33: 95.77 | E33: 1800 | F33: 36.5806 | G33: 60.74 | H33: =IF(F33=0,"Yes","No") -> No | I33: 90.13 | J33: 58.46 | K33: 29.4
A34: 5 | B34: 8 | C34: 1.4 | D34: 103.57 | E34: 1800 | F34: 36.4175 | G34: 65.86 | H34: =IF(F34=0,"Yes","No") -> No | I34: 83.79 | J34: 61.09 | K34: 30.87
A35: 6 | H35: =IF(F35=0,"Yes","No") -> Yes
A36: 7 | H36: =IF(F36=0,"Yes","No") -> Yes
A37: 8 | H37: =IF(F37=0,"Yes","No") -> Yes
A38: 9 | H38: =IF(F38=0,"Yes","No") -> Yes
A39: 10 | H39: =IF(F39=0,"Yes","No") -> Yes
A41: avg | B41: =AVERAGE(B30:B39) -> 7.8 | C41: =AVERAGE(C30:C39) -> 0.9 | D41: =AVERAGE(D30:D39) -> 81.738 | E41: =AVERAGE(E30:E39) -> 2106 | F41: =AVERAGE(F30:F39) -> 36.14744 | G41: =AVERAGE(G30:G39) -> 52.14 | H41: =(COUNTIF(H30:H39,"Yes")/10)*100 -> 50 | I41: =AVERAGE(I30:I39) -> 87.848 | J41: =AVERAGE(J30:J39) -> 58.56 | K41: =AVERAGE(K30:K39) -> 28.85 | L41: =AVERAGE(L30:L39) -> #DIV/0!
F42: =((D41-G41)/D41)*100 -> 36.21082

Sheet sp1_25_a5
A1: bins J (1° stage) | B1: 7 | C1: 11 | D1: 13 | E1: 14 | F1: 15 | G1: 16 | H1: 17 | I1: 21 | N1: # fixed bins | O1: OF | P1: Time | Q1: Gap | R1: LB
A2: deterministic solution | N2: 8 | O2: 78.97 | P2: 900 | Q2: 0.2335 | R2: 60.53
A3: EVP
O6: VSS%
O7: =((ABS(C25-D41))/D41)*100 -> 15.254193
A13: zEVP | B13: # bins extra | C13: OF | D13: time_execution | E13: Gap | F13: LB | G13: Optimality reached? | H13: O_fs | I13: F_fs | J13: F_ss | K13: #items
A14: 1 | B14: 0.44 | C14: 82.89 | D14: 5905 | E14: 1.9494 | F14: 81.27 | G14: =IF(E14=0,"Yes","No") -> No | H14: 95.27 | I14: 62.05 | J14: 15.33
A15: 2 | B15: 0.8 | C15: 85.64 | D15: 1818 | E15: 7.7925 | F15: 78.97 | G15: =IF(E15=0,"Yes","No") -> No | H15: 92.21 | I15: 65.02 | J15: 28.71
A16: 3 | B16: 0.6 | C16: 83.87 | D16: 3494 | E16: 5.8458 | F16: 78.97 | G16: =IF(E16=0,"Yes","No") -> No | H16: 94.15 | I16: 62.67 | J16: 23.33
A17: 4 | B17: 1.32 | C17: 89.09 | D17: 3659 | E17: 11.3642 | F17: 78.97 | G17: =IF(E17=0,"Yes","No") -> No | H17: 88.64 | I17: 62.22 | J17: 25.99
A18: 5 | B18: 1.28 | C18: 88.47 | D18: 3659 | E18: 10.7402 | F18: 78.97 | G18: =IF(E18=0,"Yes","No") -> No | H18: 89.26 | I18: 59.57 | J18: 22.58
A19: 6 | B19: 1.28 | C19: 88.96 | D19: 3659 | E19: 11.2307 | F19: 78.97 | G19: =IF(E19=0,"Yes","No") -> No | H19: 88.77 | I19: 60.98 | J19: 29.56
A20: 7 | B20: 1.48 | C20: 89.96 | D20: 3659 | E20: 12.2134 | F20: 78.97 | G20: =IF(E20=0,"Yes","No") -> No | H20: 87.79 | I20: 61.07 | J20: 26.63
A21: 8 | B21: 1 | C21: 87.25 | D21: 3659 | E21: 9.4916 | F21: 78.97 | G21: =IF(E21=0,"Yes","No") -> No | H21: 90.51 | I21: 61.81 | J21: 27.55
A22: 9 | B22: 1.84 | C22: 92.87 | D22: 3474 | E22: 14.9721 | F22: 78.97 | G22: =IF(E22=0,"Yes","No") -> No | H22: 85.03 | I22: 63.47 | J22: 33.14
A23: 10 | B23: 0.76 | C23: 85.18 | D23: 3845 | E23: 7.2947 | F23: 78.97 | G23: =IF(E23=0,"Yes","No") -> No | H23: 92.71 | I23: 60.28 | J23: 22.97
A25: avg | B25: =AVERAGE(B14:B23) -> 1.08 | C25: =AVERAGE(C14:C23) -> 87.418 | D25: =AVERAGE(D14:D23) -> 3683.1 | E25: =AVERAGE(E14:E23) -> 9.28946 | F25: =AVERAGE(F14:F23) -> 79.2 | G25: =(COUNTIF(G14:G23,"Yes")/10)*100 -> 0 | H25: =AVERAGE(H14:H23) -> 90.434 | I25: =AVERAGE(I14:I23) -> 61.914 | J25: =AVERAGE(J14:J23) -> 25.579 | K25: =AVERAGE(K14:K23) -> #DIV/0!
E26: =((C25-F25)/C25)*100 -> 9.4008099
A29: Stochastic 2 stage | B29: # fixed bins | C29: bins extra | D29: OF | E29: time_execution | F29: Gap | G29: LB | H29: Optimality reached? | I29: O_fs | J29: F_fs | K29: F_ss | L29: # items
A30: 1 | B30: 6 | C30: 1.88 | D30: 80.77 | E30: 2045 | F30: 33.6895 | G30: 53.56 | H30: =IF(F30=0,"Yes","No") -> No | I30: 77.47 | J30: 57.67 | K30: 60.7
A31: 2 | B31: 7 | C31: 3.88 | D31: 84.14 | E31: 2197 | F31: 29.7246 | G31: 59.13 | H31: =IF(F31=0,"Yes","No") -> No | I31: 71.48 | J31: 71.26 | K31: 65.57
A32: 3 | B32: 6 | C32: 1.84 | D32: 63.94 | E32: 1800 | F32: 33.3468 | G32: 42.61 | H32: =IF(F32=0,"Yes","No") -> No | I32: 75.45 | J32: 55.73 | K32: 45.45
A33: 4 | B33: 7 | C33: 2.52 | D33: 76.18 | E33: 1800 | F33: 34.6929 | G33: 49.75 | H33: =IF(F33=0,"Yes","No") -> No | I33: 71.07 | J33: 69.85 | K33: 53.85
A34: 5 | B34: 7 | C34: 2.76 | D34: 69.06 | E34: 2169 | F34: 42.3331 | G34: 39.82 | H34: =IF(F34=0,"Yes","No") -> No | I34: 69.98 | J34: 67.46 | K34: 62.03
A35: 6 | B35: 6 | C35: 2.88 | D35: 93.19 | E35: 1800 | F35: 35.3526 | G35: 60.25 | H35: =IF(F35=0,"Yes","No") -> No | I35: 68.52 | J35: 68.41 | K35: 64.06
A36: 7 | B36: 6 | C36: 1.96 | D36: 84.95 | E36: 1884 | F36: 33.0809 | G36: 56.85 | H36: =IF(F36=0,"Yes","No") -> No | I36: 76.7 | J36: 56.82 | K36: 51.94
A37: 8 | B37: 7 | C37: 2.12 | D37: 70.7 | E37: 1800 | F37: 38.6741 | G37: 43.36 | H37: =IF(F37=0,"Yes","No") -> No | I37: 76.07 | J37: 63.27 | K37: 53.31
A38: 9 | B38: 4 | C38: 4.64 | D38: 69.54 | E38: 1800 | F38: 33.0615 | G38: 46.55 | H38: =IF(F38=0,"Yes","No") -> No | I38: 48.89 | J38: 66.96 | K38: 57.86
A39: 10 | B39: 6 | C39: 1.8 | D39: 66.01 | E39: 2462 | F39: 34.0305 | G39: 43.55 | H39: =IF(F39=0,"Yes","No") -> No | I39: 77.98 | J39: 57.59 | K39: 45.61
A41: avg | B41: =AVERAGE(B30:B39) -> 6.2 | C41: =AVERAGE(C30:C39) -> 2.628 | D41: =AVERAGE(D30:D39) -> 75.848 | E41: =AVERAGE(E30:E39) -> 1975.7 | F41: =AVERAGE(F30:F39) -> 34.79865 | G41: =AVERAGE(G30:G39) -> 49.543 | H41: =(COUNTIF(H30:H39,"Yes")/10)*100 -> 0 | I41: =AVERAGE(I30:I39) -> 71.361 | J41: =AVERAGE(J30:J39) -> 63.502 | K41: =AVERAGE(K30:K39) -> 56.038 | L41: =AVERAGE(L30:L39) -> #DIV/0!
F42: =((D41-G41)/D41)*100 -> 34.681205

Sheet sp1_25_a10
A1: bins J (1° stage) | B1: 7 | C1: 11 | D1: 13 | E1: 14 | F1: 15 | G1: 16 | H1: 17 | I1: 21 | N1: # fixed bins | O1: OF | P1: Time | Q1: Gap | R1: LB
A2: deterministic solution | N2: 8 | O2: 78.97 | P2: 900 | Q2: 0.2335 | R2: 60.53
A3: EVP
O6: VSS%
O7: =((ABS(C25-D41))/D41)*100 -> 15.630463
A13: zEVP | B13: # bins extra | C13: OF | D13: time_execution | E13: Gap | F13: LB | G13: Optimality reached? | H13: O_fs | I13: F_fs | J13: F_ss | K13: #items
A14: 1 | B14: 0.64 | C14: 84.63 | D14: 3108 | E14: 2.86 | F14: 82.21 | G14: =IF(E14=0,"Yes","No") -> No | H14: 93.31 | I14: 61.69 | J14: 23.99
A15: 2 | B15: 0.6 | C15: 84.62 | D15: 1800 | E15: 2.8416 | F15: 82.21 | G15: =IF(E15=0,"Yes","No") -> No | H15: 93.32 | I15: 62.16 | J15: 21.57
A16: 3 | B16: 0.72 | C16: 85.59 | D16: 1800 | E16: 2.8992 | F16: 83.11 | G16: =IF(E16=0,"Yes","No") -> No | H16: 92.26 | I16: 66.15 | J16: 26.39
A17: 4 | B17: 0.56 | C17: 83.84 | D17: 1800 | E17: 1.5736 | F17: 82.52 | G17: =IF(E17=0,"Yes","No") -> No | H17: 94.19 | I17: 62.6 | J17: 25.16
A18: 5 | B18: 0.84 | C18: 87.13 | D18: 1800 | E18: 5.272 | F18: 82.53 | G18: =IF(E18=0,"Yes","No") -> No | H18: 90.64 | I18: 63.42 | J18: 24.97
A19: 6 | B19: 0.64 | C19: 84.97 | D19: 1800 | E19: 3.3046 | F19: 82.16 | G19: =IF(E19=0,"Yes","No") -> No | H19: 92.94 | I19: 63.17 | J19: 24.21
A20: 7 | B20: 0.56 | C20: 84.01 | D20: 1831 | E20: 1.5508 | F20: 82.7 | G20: =IF(E20=0,"Yes","No") -> No | H20: 94 | I20: 62.3 | J20: 24.06
A21: 8 | B21: 0.96 | C21: 87.97 | D21: 1889 | E21: 10.2332 | F21: 78.97 | G21: =IF(E21=0,"Yes","No") -> No | H21: 89.77 | I21: 65.17 | J21: 32.81
A22: 9 | B22: 0.64 | C22: 84.93 | D22: 1957 | E22: 5.2401 | F22: 80.48 | G22: =IF(E22=0,"Yes","No") -> No | H22: 92.98 | I22: 61.57 | J22: 26.3
A23: 10 | B23: 0.8 | C23: 86.56 | D23: 1800 | E23: 4.5442 | F23: 82.62 | G23: =IF(E23=0,"Yes","No") -> No | H23: 91.23 | I23: 62.69 | J23: 27.34
A25: avg | B25: =AVERAGE(B14:B23) -> 0.696 | C25: =AVERAGE(C14:C23) -> 85.425 | D25: =AVERAGE(D14:D23) -> 1958.5 | E25: =AVERAGE(E14:E23) -> 4.03193 | F25: =AVERAGE(F14:F23) -> 81.951 | G25: =(COUNTIF(G14:G23,"Yes")/10)*100 -> 0 | H25: =AVERAGE(H14:H23) -> 92.464 | I25: =AVERAGE(I14:I23) -> 63.092 | J25: =AVERAGE(J14:J23) -> 25.68 | K25: =AVERAGE(K14:K23) -> #DIV/0!
E26: =((C25-F25)/C25)*100 -> 4.0667252
A29: Stochastic 2 stage | B29: # fixed bins | C29: bins extra | D29: OF | E29: time_execution | F29: Gap | G29: LB | H29: Optimality reached? | I29: O_fs | J29: F_fs | K29: F_ss | L29: # items
A30: 1 | B30: 6 | C30: 1.92 | D30: 63.04 | E30: 3321 | F30: 34.4747 | G30: 41.3 | H30: =IF(F30=0,"Yes","No") -> No | I30: 74.91 | J30: 58.45 | K30: 45.67
A31: 2 | B31: 7 | C31: 3.8 | D31: 77.41 | E31: 5377 | F31: 46.8348 | G31: 41.15 | H31: =IF(F31=0,"Yes","No") -> No | I31: 69.36 | J31: 53.86 | K31: 59.44
A32: 3 | B32: 0 | C32: 16.64 | D32: 98.36 | E32: 3660 | F32: 52.3554 | G32: 46.86 | H32: =IF(F32=0,"Yes","No") -> No | I32: 0 | K32: 65.4
A33: 4 | B33: 6 | C33: 4.56 | D33: 104.57 | E33: 3660 | F33: 45.2735 | G33: 57.26 | H33: =IF(F33=0,"Yes","No") -> No | I33: 61.91 | J33: 58.14 | K33: 61.71
A34: 5 | B34: 0 | C34: 15.6 | D34: 126.74 | E34: 3660 | F34: 53.5636 | G34: 58.85 | H34: =IF(F34=0,"Yes","No") -> No | I34: 0 | K34: 66.15
A35: 6 | B35: 10 | C35: 0.88 | D35: 134.74 | E35: 3660 | F35: 54.8106 | G35: 60.89 | H35: =IF(F35=0,"Yes","No") -> No | I35: 90.96 | J35: 53.66 | K35: 43.27
A36: 7 | B36: 11 | C36: 2.48 | D36: 126.62 | E36: 3660 | F36: 50.8894 | G36: 62.18 | H36: =IF(F36=0,"Yes","No") -> No | I36: 79.18 | J36: 48.82 | K36: 38.47
A37: 8 | B37: 8 | C37: 4.08 | D37: 95.21 | E37: 3660 | F37: 54.0729 | G37: 43.73 | H37: =IF(F37=0,"Yes","No") -> No | I37: 63.43 | J37: 49.99 | K37: 58.19
A38: 9 | B38: 7 | C38: 3.88 | D38: 101.45 | E38: 3660 | F38: 49.8775 | G38: 50.85 | H38: =IF(F38=0,"Yes","No") -> No | I38: 66.03 | J38: 51.6 | K38: 65.21
A39: 10 | B39: 7 | C39: 2.2 | D39: 84.37 | E39: 3660 | F39: 46.9217 | G39: 44.78 | H39: =IF(F39=0,"Yes","No") -> No | I39: 74.25 | J39: 49.26 | K39: 39.28
A41: avg | B41: =AVERAGE(B30:B39) -> 6.2 | C41: =AVERAGE(C30:C39) -> 5.604 | D41: =AVERAGE(D30:D39) -> 101.251 | E41: =AVERAGE(E30:E39) -> 3797.8 | F41: =AVERAGE(F30:F39) -> 48.90741 | G41: =AVERAGE(G30:G39) -> 50.785 | H41: =(COUNTIF(H30:H39,"Yes")/10)*100 -> 0 | I41: =AVERAGE(I30:I39) -> 58.003 | J41: =AVERAGE(J30:J39) -> 52.9725 | K41: =AVERAGE(K30:K39) -> 54.279 | L41: =AVERAGE(L30:L39) -> #DIV/0!
F42: =((D41-G41)/D41)*100 -> 49.842471

Sheet sp1_25_a20
A1: bins J (1° stage) | B1: 7 | C1: 11 | D1: 13 | E1: 14 | F1: 15 | G1: 16 | H1: 17 | I1: 21 | N1: # fixed bins | O1: OF | P1: Time | Q1: Gap | R1: LB
A2: deterministic solution | N2: 8 | O2: 78.97 | P2: 900 | Q2: 0.2335 | R2: 60.53
A3: EVP
O6: VSS%
O7: =((ABS(C25-D41))/D41)*100 -> 0.16622754
A13: zEVP | B13: # bins extra | C13: OF | D13: time_execution | E13: Gap | F13: LB | G13: Optimality reached? | H13: O_fs | I13: F_fs | J13: F_ss | K13: #items
A14: 1 | B14: 1.12 | C14: 90.15 | D14: 1824 | E14: 5.8371 | F14: 84.89 | G14: =IF(E14=0,"Yes","No") -> No | H14: 87.6 | I14: 65.33 | J14: 43.24
A15: 2 | B15: 0.96 | C15: 88.79 | D15: 1800 | E15: 5.4656 | F15: 83.94 | G15: =IF(E15=0,"Yes","No") -> No | H15: 88.94 | I15: 62.71 | J15: 30.85
A16: 3 | B16: 0.48 | C16: 83.79 | D16: 6696 | E16: 1.9935 | F16: 82.12 | G16: =IF(E16=0,"Yes","No") -> No | H16: 94.25 | I16: 61.36 | J16: 20.27
A17: 4 | B17: 0.56 | C17: 84.61 | D17: 5029 | E17: 6.6622 | F17: 78.97 | G17: =IF(E17=0,"Yes","No") -> No | H17: 93.34 | I17: 60.53 | J17: 17.91
A18: 5 | B18: 1.64 | C18: 93.02 | D18: 2975 | E18: 15.1083 | F18: 78.97 | G18: =IF(E18=0,"Yes","No") -> No | H18: 84.89 | I18: 61.9 | J18: 28.76
A19: 6 | B19: 0.4 | C19: 82.74 | D19: 2776 | E19: 4.5519 | F19: 78.97 | G19: =IF(E19=0,"Yes","No") -> No | H19: 95.45 | I19: 61.7 | J19: 21.09
A20: 7 | B20: 0.56 | C20: 84.65 | D20: 5226 | E20: 6.7125 | F20: 78.97 | G20: =IF(E20=0,"Yes","No") -> No | H20: 93.29 | I20: 62.2 | J20: 22.39
A21: 8 | B21: 2.12 | C21: 98.32 | D21: 43.26 | E21: 19.682 | F21: 78.97 | G21: =IF(E21=0,"Yes","No") -> No | H21: 80.32 | I21: 62.17 | J21: 43.26
A22: 9 | B22: 0.6 | C22: 84.99 | D22: 2552 | E22: 5.743 | F22: 80.11 | G22: =IF(E22=0,"Yes","No") -> No | H22: 92.92 | I22: 62.28 | J22: 23.3
A23: 10 | B23: 1.44 | C23: 91.8 | D23: 1083 | E23: 13.9715 | F23: 78.97 | G23: =IF(E23=0,"Yes","No") -> No | H23: 86.03 | I23: 63.78 | J23: 27.98
A25: avg | B25: =AVERAGE(B14:B23) -> 0.988 | C25: =AVERAGE(C14:C23) -> 88.286 | D25: =AVERAGE(D14:D23) -> 3000.426 | E25: =AVERAGE(E14:E23) -> 8.57276 | F25: =AVERAGE(F14:F23) -> 80.488 | G25: =(COUNTIF(G14:G23,"Yes")/10)*100 -> 0 | H25: =AVERAGE(H14:H23) -> 89.703 | I25: =AVERAGE(I14:I23) -> 62.396 | J25: =AVERAGE(J14:J23) -> 27.905 | K25: =AVERAGE(K14:K23) -> #DIV/0!
E26: =((C25-F25)/C25)*100 -> 8.8326575
A29: Stochastic 2 stage | B29: # fixed bins | C29: bins extra | D29: OF | E29: time_execution | F29: Gap | G29: LB | H29: Optimality reached? | I29: O_fs | J29: F_fs | K29: F_ss | L29: # items
A30: 1 | B30: 9 | C30: 1.44 | D30: 83.13 | E30: 2219 | F30: 34.6991 | G30: 54.29 | H30: =IF(F30=0,"Yes","No") -> No | I30: 82.93 | J30: 67.23 | K30: 51.27
A31: 2 | B31: 6 | C31: 5.4 | D31: 112.43 | E31: 4337 | F31: 47.1556 | G31: 59.41 | H31: =IF(F31=0,"Yes","No") -> No | I31: 55.18 | J31: 56.34 | K31: 61.75
A32: 3 | B32: 7 | C32: 1.64 | D32: 74.41 | E32: 1800 | F32: 39.5593 | G32: 44.97 | H32: =IF(F32=0,"Yes","No") -> No | I32: 75.63 | J32: 57.46 | K32: 51.39
A33: 4 | B33: 8 | C33: 1.04 | D33: 80.62 | E33: 1800 | F33: 40.9389 | G33: 47.61 | H33: =IF(F33=0,"Yes","No") -> No | I33: 86.93 | J33: 56.19 | K33: 40.06
A34: 5 | B34: 7 | C34: 1.32 | D34: 84.75 | E34: 1800 | F34: 34.1571 | G34: 55.8 | H34: =IF(F34=0,"Yes","No") -> No | I34: 85.24 | J34: 56.58 | K34: 40.09
A35: 6 | B35: 7 | C35: 1.44 | D35: 76.37 | E35: 1800 | F35: 37.5078 | G35: 47.72 | H35: =IF(F35=0,"Yes","No") -> No | I35: 80.02 | J35: 60.18 | K35: 49.62
A36: 7 | B36: 6 | C36: 3 | D36: 69.89 | E36: 1800 | F36: 33.9957 | G36: 46.13 | H36: =IF(F36=0,"Yes","No") -> No | I36: 62.41 | J36: 70.93 | K36: 61.73
A37: 8 | B37: 14 | C37: 2.88 | D37: 95.33 | E37: 1924 | F37: 34.594 | G37: 62.35 | H37: =IF(F37=0,"Yes","No") -> No | I37: 77.39 | J37: 66.05 | K37: 48.24
A38: 9 | B38: 9 | C38: 2.44 | D38: 120.09 | E38: 2103 | F38: 48.3894 | G38: 61.98 | H38: =IF(F38=0,"Yes","No") -> No | I38: 79.36 | J38: 57.07 | K38: 48.13
A39: 10 | B39: 6 | C39: 3.6 | D39: 87.31 | E39: 3072 | F39: 49.1657 | G39: 44.38 | H39: =IF(F39=0,"Yes","No") -> No | I39: 60.27 | J39: 48.96 | K39: 45.81
A41: avg | B41: =AVERAGE(B30:B39) -> 7.9 | C41: =AVERAGE(C30:C39) -> 2.42 | D41: =AVERAGE(D30:D39) -> 88.433 | E41: =AVERAGE(E30:E39) -> 2265.5 | F41: =AVERAGE(F30:F39) -> 40.01626 | G41: =AVERAGE(G30:G39) -> 52.464 | H41: =(COUNTIF(H30:H39,"Yes")/10)*100 -> 0 | I41: =AVERAGE(I30:I39) -> 74.536 | J41: =AVERAGE(J30:J39) -> 59.699 | K41: =AVERAGE(K30:K39) -> 49.809 | L41: =AVERAGE(L30:L39) -> #DIV/0!
F42: =((D41-G41)/D41)*100 -> 40.67373

Sheet sp1_25_a40
A1: bins J (1° stage) | B1: 7 | C1: 11 | D1: 13 | E1: 14 | F1: 15 | G1: 16 | H1: 17 | I1: 21 | N1: # fixed bins | O1: OF | P1: Time | Q1: Gap | R1: LB
A2: deterministic solution | N2: 8 | O2: 78.97 | P2: 900 | Q2: 0.2335 | R2: 60.53
A3: EVP
O6: VSS%
O7: =((ABS(C25-D41))/D41)*100 -> 2.4981648
A13: zEVP | B13: # bins extra | C13: OF | D13: time_execution | E13: Gap | F13: LB | G13: Optimality reached? | H13: O_fs | I13: F_fs | J13: F_ss | K13: #items
A14: 1 | B14: 0.56 | C14: 85.16 | D14: 2860 | E14: 2.2356 | F14: 83.26 | G14: =IF(E14=0,"Yes","No") -> No | H14: 92.73 | I14: 62.01 | J14: 23.38
A15: 2 | B15: 1.8 | C15: 96.79 | D15: 4698 | E15: 18.408 | F15: 78.97 | G15: =IF(E15=0,"Yes","No") -> No | H15: 81.59 | I15: 64.2 | J15: 33.48
A16: 3 | B16: 1.04 | C16: 90.24 | D16: 3659 | E16: 12.4927 | F16: 78.97 | G16: =IF(E16=0,"Yes","No") -> No | H16: 87.51 | I16: 63.31 | J16: 29.41
A17: 4 | B17: 1.2 | C17: 92.04 | D17: 3659 | E17: 14.2049 | F17: 78.97 | G17: =IF(E17=0,"Yes","No") -> No | H17: 85.8 | I17: 61.24 | J17: 27.08
A18: 5 | B18: 1.16 | C18: 92.57 | D18: 2276 | E18: 14.6928 | F18: 78.97 | G18: =IF(E18=0,"Yes","No") -> No | H18: 85.31 | I18: 64.36 | J18: 33.62
A19: 6 | B19: 0.72 | C19: 87.13 | D19: 4155 | E19: 9.3651 | F19: 78.97 | G19: =IF(E19=0,"Yes","No") -> No | H19: 90.63 | I19: 62.72 | J19: 29.38
A20: 7 | B20: 0.88 | C20: 88.5 | D20: 4547 | E20: 10.7645 | F20: 78.97 | G20: =IF(E20=0,"Yes","No") -> No | H20: 89.24 | I20: 59.1 | J20: 25
A21: 8 | B21: 0.6 | C21: 85.89 | D21: 2679 | E21: 8.0555 | F21: 78.97 | G21: =IF(E21=0,"Yes","No") -> No | H21: 91.94 | I21: 61.16 | J21: 17.64
A22: 9 | B22: 0.68 | C22: 87 | D22: 2702 | E22: 4.6838 | F22: 82.93 | G22: =IF(E22=0,"Yes","No") -> No | H22: 90.77 | I22: 61.11 | J22: 25.33
A23: 10 | B23: 0.8 | C23: 88.3 | D23: 2005 | E23: 10.5692 | F23: 78.97 | G23: =IF(E23=0,"Yes","No") -> No | H23: 89.43 | I23: 61.44 | J23: 25.92
A25: avg | B25: =AVERAGE(B14:B23) -> 0.944 | C25: =AVERAGE(C14:C23) -> 89.362 | D25: =AVERAGE(D14:D23) -> 3324 | E25: =AVERAGE(E14:E23) -> 10.54721 | F25: =AVERAGE(F14:F23) -> 79.795 | G25: =(COUNTIF(G14:G23,"Yes")/10)*100 -> 0 | H25: =AVERAGE(H14:H23) -> 88.495 | I25: =AVERAGE(I14:I23) -> 62.065 | J25: =AVERAGE(J14:J23) -> 27.024 | K25: =AVERAGE(K14:K23) -> #DIV/0!
E26: =((C25-F25)/C25)*100 -> 10.705893
A29: Stochastic 2 stage | B29: # fixed bins | C29: bins extra | D29: OF | E29: time_execution | F29: Gap | G29: LB | H29: Optimality reached? | I29: O_fs | J29: F_fs | K29: F_ss | L29: # items
A30: 1 | B30: 8 | C30: 1.04 | D30: 69.62 | E30: 1907 | F30: 37.5862 | G30: 43.45 | H30: =IF(F30=0,"Yes","No") -> No | I30: 86.86 | J30: 59.03 | K30: 32.61
A31: 2 | B31: 9 | C31: 1.36 | D31: 83.28 | E31: 1890 | F31: 40.8312 | G31: 49.27 | H31: =IF(F31=0,"Yes","No") -> No | I31: 86.78 | J31: 56.74 | K31: 35.4
A32: 3 | B32: 8 | C32: 0.8 | D32: 100.73 | E32: 1955 | F32: 39.762 | G32: 60.68 | H32: =IF(F32=0,"Yes","No") -> No | I32: 90.06 | J32: 51.94 | K32: 26.72
A33: 4 | B33: 9 | C33: 0.56 | D33: 102.06 | E33: 1806 | F33: 43.7573 | G33: 57.4 | H33: =IF(F33=0,"Yes","No") -> No | I33: 92.09 | J33: 51.37 | K33: 21.01
A34: 5 | B34: 10 | C34: 0.64 | D34: 84.66 | E34: 2004 | F34: 42.7909 | G34: 48.44 | H34: =IF(F34=0,"Yes","No") -> No | I34: 91.42 | J34: 53.79 | K34: 27.01
A35: 6 | B35: 9 | C35: 0.56 | D35: 99.16 | E35: 1800 | F35: 40.3897 | G35: 59.11 | H35: =IF(F35=0,"Yes","No") -> No | I35: 91.49 | J35: 55.38 | K35: 23.03
A36: 7 | B36: 8 | C36: 1.12 | D36: 82.81 | E36: 1800 | F36: 36.1469 | G36: 52.88 | H36: =IF(F36=0,"Yes","No") -> No | I36: 85.63 | J36: 61.27 | K36: 31.58
A37: 8 | B37: 8 | C37: 1.44 | D37: 78.85 | E37: 2600 | F37: 35.3719 | G37: 50.96 | H37: =IF(F37=0,"Yes","No") -> No | I37: 80.61 | J37: 66.82 | K37: 38.65
A38: 9 | B38: 10 | C38: 0.4 | D38: 92.86 | E38: 2020 | F38: 42.0425 | G38: 53.82 | H38: =IF(F38=0,"Yes","No") -> No | I38: 96.1 | J38: 51.99 | K38: 15.94
A39: 10 | B39: 8 | C39: 0.72 | D39: 77.81 | E39: 1800 | F39: 40.6417 | G39: 46.19 | H39: =IF(F39=0,"Yes","No") -> No | I39: 90.06 | J39: 52.04 | K39: 16.89
A41: avg | B41: =AVERAGE(B30:B39) -> 8.7 | C41: =AVERAGE(C30:C39) -> 0.864 | D41: =AVERAGE(D30:D39) -> 87.184 | E41: =AVERAGE(E30:E39) -> 1958.2 | F41: =AVERAGE(F30:F39) -> 39.93203 | G41: =AVERAGE(G30:G39) -> 52.22 | H41: =(COUNTIF(H30:H39,"Yes")/10)*100 -> 0 | I41: =AVERAGE(I30:I39) -> 89.11 | J41: =AVERAGE(J30:J39) -> 56.037 | K41: =AVERAGE(K30:K39) -> 26.884 | L41: =AVERAGE(L30:L39) -> #DIV/0!
F42: =((D41-G41)/D41)*100 -> 40.103689

Sheet sp2_25_a5
A1: bins J (1° stage) | B1: 4 | C1: 16 | D1: 17 | E1: 18 | F1: 19 | G1: 20 | H1: 21 | I1: 22 | J1: 24 | K1: 26 | N1: # fixed bins | O1: OF | P1: Time | Q1: Gap | R1: LB
A2: deterministic solution | N2: 10 | O2: 98.97 | P2: 900 | Q2: 0.024957 | R2: 69.5
A3: EVP
O6: VSS%
O7: =((ABS(C25-D41))/D41)*100 -> 1.322303
A13: zEVP | B13: # bins extra | C13: OF | D13: time_execution | E13: Gap | F13: LB | G13: Optimality reached? | H13: O_fs | I13: F_fs | J13: F_ss | K13: #items
A14: 1 | B14: 0.68 | C14: 105.2 | D14: 4589 | E14: 2.4492 | F14: 10.26 | G14: =IF(E14=0,"Yes","No") -> No | H14: 94.08 | I14: 66.51 | J14: 22
A15: 2 | B15: 0.68 | C15: 105.04 | D15: 2484 | E15: 2.2891 | F15: 10.26 | G15: =IF(E15=0,"Yes","No") -> No | H15: 94.22 | I15: 66.17 | J15: 23.74
A16: 3 | B16: 1.04 | C16: 108.61 | D16: 1800 | E16: 1.3442 | F16: 107.15 | G16: =IF(E16=0,"Yes","No") -> No | H16: 91.12 | I16: 70.76 | J16: 40.31
A17: 4 | B17: 0.68 | C17: 104.79 | D17: 1800 | E17: 1.6 | F17: 103.12 | G17: =IF(E17=0,"Yes","No") -> No | H17: 94.44 | I17: 65.48 | J17: 18.73
A18: 5 | B18: 0.76 | C18: 106.08 | D18: 1388 | E18: 0.9549 | F18: 105.07 | G18: =IF(E18=0,"Yes","No") -> No | H18: 93.3 | I18: 66.9 | J18: 26.01
A19: 6 | B19: 0.68 | C19: 105.36 | D19: 2076 | E19: 5.2456 | F19: 99.84 | G19: =IF(E19=0,"Yes","No") -> No | H19: 93.93 | I19: 69.88 | J19: 26.79
A20: 7 | B20: 0.6 | C20: 104.4 | D20: 958 | E20: 0.9297 | F20: 103.43 | G20: =IF(E20=0,"Yes","No") -> No | H20: 94.79 | I20: 65.78 | J20: 27.98
A21: 8 | B21: 0.88 | C21: 107.42 | D21: 1800 | E21: 1.5786 | F21: 105.76 | G21: =IF(E21=0,"Yes","No") -> No | H21: 92.13 | I21: 67.79 | J21: 32.3
A22: 9 | B22: 1.16 | C22: 109.58 | D22: 1800 | E22: 3.8256 | F22: 105.39 | G22: =IF(E22=0,"Yes","No") -> No | H22: 90.32 | I22: 67.83 | J22: 30.56
A23: 10 | B23: 0.96 | C23: 107.85 | D23: 1739 | E23: 0.8871 | F23: 106.89 | G23: =IF(E23=0,"Yes","No") -> No | H23: 91.76 | I23: 70.03 | J23: 37.26
A25: avg | B25: =AVERAGE(B14:B23) -> 0.812 | C25: =AVERAGE(C14:C23) -> 106.433 | D25: =AVERAGE(D14:D23) -> 2043.4 | E25: =AVERAGE(E14:E23) -> 2.1104 | F25: =AVERAGE(F14:F23) -> 85.717 | G25: =(COUNTIF(G14:G23,"Yes")/10)*100 -> 0 | H25: =AVERAGE(H14:H23) -> 93.009 | I25: =AVERAGE(I14:I23) -> 67.713 | J25: =AVERAGE(J14:J23) -> 28.568 | K25: =AVERAGE(K14:K23) -> #DIV/0!
E26: =((C25-F25)/C25)*100 -> 19.463888
A29: Stochastic 2 stage | B29: # fixed bins | C29: bins extra | D29: OF | E29: time_execution | F29: Gap | G29: LB | H29: Optimality reached? | I29: O_fs | J29: F_fs | K29: F_ss | L29: # items
A30: 1 | B30: 8 | C30: 2.52 | D30: 86.27 | E30: 2745 | F30: 31.61 | G30: 59 | H30: =IF(F30=0,"Yes","No") -> No | I30: 75.39 | J30: 69.08 | K30: 58.28
A31: 2 | B31: 18 | C31: 2.6 | D31: 112.46 | E31: 4252 | F31: 46.6349 | G31: 60.01 | H31: =IF(F31=0,"Yes","No") -> No | I31: 85.15 | J31: 69.28 | K31: 34.5
A32: 3 | B32: 10 | C32: 1.52 | D32: 109.23 | E32: 5170 | F32: 42.9043 | G32: 62.37 | H32: =IF(F32=0,"Yes","No") -> No | I32: 88.44 | J32: 57.96 | K32: 54.37
A33: 4 | B33: 9 | C33: 3 | D33: 88.6 | E33: 3659 | F33: 41.0284 | G33: 52.25 | H33: =IF(F33=0,"Yes","No") -> No | I33: 76.38 | J33: 60.57 | K33: 59.74
A34: 5 | B34: 8 | C34: 3.12 | D34: 99.83 | E34: 3659 | F34: 47.401 | G34: 52.51 | H34: =IF(F34=0,"Yes","No") -> No | I34: 70.76 | J34: 56.4 | K34: 53.52
A35: 6 | B35: 11 | C35: 1.24 | D35: 102.89 | E35: 3659 | F35: 40.0504 | G35: 61.68 | H35: =IF(F35=0,"Yes","No") -> No | I35: 89.17 | J35: 61.21 | K35: 39.64
A36: 7 | B36: 8 | C36: 2.96 | D36: 110.95 | E36: 3659 | F36: 44.5615 | G36: 61.51 | H36: =IF(F36=0,"Yes","No") -> No | I36: 73.97 | J36: 60.26 | K36: 52.96
A37: 8 | B37: 0 | C37: 17.48 | D37: 110.36 | E37: 1906 | F37: 37.2947 | G37: 69.21 | H37: =IF(F37=0,"Yes","No") -> No | I37: 0 | K37: 70.54
A38: 9 | B38: 10 | C38: 2.16 | D38: 103.86 | E38: 5412 | F38: 39.6384 | G38: 62.69 | H38: =IF(F38=0,"Yes","No") -> No | I38: 81.07 | J38: 61.93 | K38: 39.44
A39: 10 | B39: 11 | C39: 2.96 | D39: 125.99 | E39: 3659 | F39: 52.4566 | G39: 59.91 | H39: =IF(F39=0,"Yes","No") -> No | I39: 80.91 | J39: 53.96 | K39: 46.4
A41: avg | B41: =AVERAGE(B30:B39) -> 9.3 | C41: =AVERAGE(C30:C39) -> 3.956 | D41: =AVERAGE(D30:D39) -> 105.044 | E41: =AVERAGE(E30:E39) -> 3778 | F41: =AVERAGE(F30:F39) -> 42.35802 | G41: =AVERAGE(G30:G39) -> 60.114 | H41: =(COUNTIF(H30:H39,"Yes")/10)*100 -> 0 | I41: =AVERAGE(I30:I39) -> 72.124 | J41: =AVERAGE(J30:J39) -> 61.183333 | K41: =AVERAGE(K30:K39) -> 50.939 | L41: =AVERAGE(L30:L39) -> #DIV/0!
F42: =((D41-G41)/D41)*100 -> 42.772552

Sheet sp2_25_a10
A1: bins J (1° stage) | B1: 4 | C1: 16 | D1: 17 | E1: 18 | F1: 19 | G1: 20 | H1: 21 | I1: 22 | J1: 24 | K1: 26 | N1: # fixed bins | O1: OF | P1: Time | Q1: Gap | R1: LB
A2: deterministic solution | N2: 10 | O2: 98.97 | P2: 900 | Q2: 0.024957 | R2: 69.5
A3: EVP
O6: VSS%
O7: =((ABS(C25-D41))/D41)*100 -> 5.2861447
A13: zEVP | B13: # bins extra | C13: OF | D13: time_execution | E13: Gap | F13: LB | G13: Optimality reached? | H13: O_fs | I13: F_fs | J13: F_ss | K13: #items
A14: 1 | B14: 1.32 | C14: 110.99 | D14: 1821 | E14: 5.9854 | F14: 104.34 | G14: =IF(E14=0,"Yes","No") -> No | H14: 89.17 | I14: 69.93 | J14: 33.63
A15: 2 | B15: 1 | C15: 108.46 | D15: 1800 | E15: 2.6638 | F15: 105.57 | G15: =IF(E15=0,"Yes","No") -> No | H15: 91.25 | I15: 70.51 | J15: 33.98
A16: 3 | B16: 0.88 | C16: 107.27 | D16: 1800 | E16: 1.7809 | F16: 105.36 | G16: =IF(E16=0,"Yes","No") -> No | H16: 92.27 | I16: 68 | J16: 27.15
A17: 4 | B17: 0.64 | C17: 105.19 | D17: 898 | E17: 0.8548 | F17: 104.29 | G17: =IF(E17=0,"Yes","No") -> No | H17: 94.09 | I17: 68.96 | J17: 26.42
A18: 5 | B18: 0.72 | C18: 105.81 | D18: 984 | E18: 0.8679 | F18: 104.89 | G18: =IF(E18=0,"Yes","No") -> No | H18: 93.54 | I18: 71.21 | J18: 32.1
A19: 6 | B19: 1.08 | C19: 109.16 | D19: 1800 | E19: 3.0306 | F19: 105.85 | G19: =IF(E19=0,"Yes","No") -> No | H19: 90.66 | I19: 70.17 | J19: 31.13
A20: 7 | B20: 0.56 | C20: 104.31 | D20: 1328 | E20: 0.9386 | F20: 103.33 | G20: =IF(E20=0,"Yes","No") -> No | H20: 94.88 | I20: 67.05 | J20: 23.04
A21: 8 | B21: 0.72 | C21: 106.02 | D21: 1379 | E21: 0.9985 | F21: 104.96 | G21: =IF(E21=0,"Yes","No") -> No | H21: 93.35 | I21: 69.8 | J21: 25.96
A22: 9 | B22: 1 | C22: 108.59 | D22: 1800 | E22: 1.6133 | F22: 106.83 | G22: =IF(E22=0,"Yes","No") -> No | H22: 91.14 | I22: 69.7 | J22: 38.78
A23: 10 | B23: 0.84 | C23: 106.95 | D23: 1800 | E23: 1.4371 | F23: 105.42 | G23: =IF(E23=0,"Yes","No") -> No | H23: 92.53 | I23: 68.39 | J23: 27.27
A25: avg | B25: =AVERAGE(B14:B23) -> 0.876 | C25: =AVERAGE(C14:C23) -> 107.275 | D25: =AVERAGE(D14:D23) -> 1541 | E25: =AVERAGE(E14:E23) -> 2.01709 | F25: =AVERAGE(F14:F23) -> 105.084 | G25: =(COUNTIF(G14:G23,"Yes")/10)*100 -> 0 | H25: =AVERAGE(H14:H23) -> 92.288 | I25: =AVERAGE(I14:I23) -> 69.372 | J25: =AVERAGE(J14:J23) -> 29.946 | K25: =AVERAGE(K14:K23) -> #DIV/0!
E26: =((C25-F25)/C25)*100 -> 2.0424144
A29: Stochastic 2 stage | B29: # fixed bins | C29: bins extra | D29: OF | E29: time_execution | F29: Gap | G29: LB | H29: Optimality reached? | I29: O_fs | J29: F_fs | K29: F_ss | L29: # items
A30: 1 | B30: 7 | C30: 3.32 | D30: 94.09 | E30: 1800 | F30: 36.8621 | G30: 59.41 | H30: =IF(F30=0,"Yes","No") -> No | I30: 66.21 | J30: 66.27 | K30: 57.1
A31: 2 | B31: 7 | C31: 3.56 | D31: 136.35 | E31: 1800 | F31: 32.7871 | G31: 91.64 | H31: =IF(F31=0,"Yes","No") -> No | I31: 71.46 | J31: 67.43 | K31: 61.47
A32: 3 | B32: 8 | C32: 2.32 | D32: 91.33 | E32: 2351 | F32: 40.5032 | G32: 54.34 | H32: =IF(F32=0,"Yes","No") -> No | I32: 75.59 | J32: 60.37 | K32: 44.15
A33: 4 | B33: 9 | C33: 1.96 | D33: 83.7 | E33: 1800 | F33: 33.6938 | G33: 55.5 | H33: =IF(F33=0,"Yes","No") -> No | I33: 80.11 | J33: 65.45 | K33: 44.96
A34: 5 | B34: 8 | C34: 2.36 | D34: 101.54 | E34: 1800 | F34: 35.1022 | G34: 65.89 | H34: =IF(F34=0,"Yes","No") -> No | I34: 79.89 | J34: 64.3 | K34: 52.45
A35: 6 | B35: 9 | C35: 2.16 | D35: 114.56 | E35: 1800 | F35: 31.1337 | G35: 78.89 | H35: =IF(F35=0,"Yes","No") -> No | I35: 80.45 | J35: 69.27 | K35: 41.49
A36: 7 | B36: 8 | C36: 1.76 | D36: 90.01 | E36: 1800 | F36: 35.8661 | G36: 57.72 | H36: =IF(F36=0,"Yes","No") -> No | I36: 82.57 | J36: 62.8 | K36: 39.05
A37: 8 | B37: 8 | C37: 2.04 | D37: 79.41 | E37: 1800 | F37: 36.6282 | G37: 50.32 | H37: =IF(F37=0,"Yes","No") -> No | I37: 78.37 | J37: 65.39 | K37: 41.85
A38: 9 | B38: 8 | C38: 2.4 | D38: 137.43 | E38: 1800 | F38: 34.8735 | G38: 89.51 | H38: =IF(F38=0,"Yes","No") -> No | I38: 80.39 | J38: 64.66 | K38: 47.47
A39: 10 | B39: 7 | C39: 2.84 | D39: 90.47 | E39: 1800 | F39: 35.1915 | G39: 58.63 | H39: =IF(F39=0,"Yes","No") -> No | I39: 71.73 | J39: 65.21 | K39: 60.46
A41: avg | B41: =AVERAGE(B30:B39) -> 7.9 | C41: =AVERAGE(C30:C39) -> 2.472 | D41: =AVERAGE(D30:D39) -> 101.889 | E41: =AVERAGE(E30:E39) -> 1855.1 | F41: =AVERAGE(F30:F39) -> 35.26414 | G41: =AVERAGE(G30:G39) -> 66.185 | H41: =(COUNTIF(H30:H39,"Yes")/10)*100 -> 0 | I41: =AVERAGE(I30:I39) -> 76.677 | J41: =AVERAGE(J30:J39) -> 65.115 | K41: =AVERAGE(K30:K39) -> 49.045 | L41: =AVERAGE(L30:L39) -> #DIV/0!
F42: =((D41-G41)/D41)*100 -> 35.042056

Sheet sp2_25_a20
A1: bins J (1° stage) | B1: 4 | C1: 16 | D1: 17 | E1: 18 | F1: 19 | G1: 20 | H1: 21 | I1: 22 | J1: 24 | K1: 26 | N1: # fixed bins | O1: OF | P1: Time | Q1: Gap | R1: LB
A2: deterministic solution | N2: 10 | O2: 98.97 | P2: 900 | Q2: 0.024957 | R2: 69.5
A3: EVP
O6: VSS%
O7: =((ABS(C25-D41))/D41)*100 -> 0.033198694
A13: zEVP | B13: # bins extra | C13: OF | D13: time_execution | E13: Gap | F13: LB | G13: Optimality reached? | H13: O_fs | I13: F_fs | J13: F_ss | K13: #items
A14: 1 | B14: 1.28 | C14: 112.25 | D14: 1906 | E14: 6.8116 | F14: 104.61 | G14: =IF(E14=0,"Yes","No") -> No | H14: 88.17 | I14: 69.81 | J14: 41.54
A15: 2 | B15: 0.92 | C15: 108.73 | D15: 1890 | E15: 8.6486 | F15: 99.33 | G15: =IF(E15=0,"Yes","No") -> No | H15: 91.02 | I15: 65.83 | J15: 30.58
A16: 3 | B16: 0.8 | C16: 107.62 | D16: 1698 | E16: 0.9732 | F16: 106.58 | G16: =IF(E16=0,"Yes","No") -> No | H16: 91.96 | I16: 67.64 | J16: 28.98
A17: 4 | B17: 0.76 | C17: 107.1 | D17: 1694 | E17: 0.9779 | F17: 106.05 | G17: =IF(E17=0,"Yes","No") -> No | H17: 92.41 | I17: 67.73 | J17: 29.84
A18: 5 | B18: 0.88 | C18: 108.12 | D18: 1800 | E18: 4.2522 | F18: 103.52 | G18: =IF(E18=0,"Yes","No") -> No | H18: 91.54 | I18: 67.76 | J18: 28.86
A19: 6 | B19: 1.32 | C19: 112.82 | D19: 1800 | E19: 5.8868 | F19: 106.18 | G19: =IF(E19=0,"Yes","No") -> No | H19: 87.72 | I19: 70.18 | J19: 42.19
A20: 7 | B20: 0.92 | C20: 108.22 | D20: 2294 | E20: 2.9793 | F20: 104.99 | G20: =IF(E20=0,"Yes","No") -> No | H20: 91.45 | I20: 70.66 | J20: 30.15
A21: 8 | B21: 0.72 | C21: 106.29 | D21: 1800 | E21: 1.0202 | F21: 105.21 | G21: =IF(E21=0,"Yes","No") -> No | H21: 93.11 | I21: 67.25 | J21: 29.15
A22: 9 | B22: 0.76 | C22: 106.82 | D22: 1684 | E22: 0.8489 | F22: 105.91 | G22: =IF(E22=0,"Yes","No") -> No | H22: 92.65 | I22: 68.54 | J22: 31.36
A23: 10 | B23: 0.72 | C23: 106.77 | D23: 1843 | E23: 6.6706 | F23: 99.65 | G23: =IF(E23=0,"Yes","No") -> No | H23: 92.69 | I23: 68.81 | J23: 29.12
A25: avg | B25: =AVERAGE(B14:B23) -> 0.908 | C25: =AVERAGE(C14:C23) -> 108.474 | D25: =AVERAGE(D14:D23) -> 1840.9 | E25: =AVERAGE(E14:E23) -> 3.90693 | F25: =AVERAGE(F14:F23) -> 104.203 | G25: =(COUNTIF(G14:G23,"Yes")/10)*100 -> 0 | H25: =AVERAGE(H14:H23) -> 91.272 | I25: =AVERAGE(I14:I23) -> 68.421 | J25: =AVERAGE(J14:J23) -> 32.177 | K25: =AVERAGE(K14:K23) -> #DIV/0!
E26: =((C25-F25)/C25)*100 -> 3.937349
A29: Stochastic 2 stage | B29: # fixed bins | C29: bins extra | D29: OF | E29: time_execution | F29: Gap | G29: LB | H29: Optimality reached? | I29: O_fs | J29: F_fs | K29: F_ss | L29: # items
A30: 1 | B30: 18 | C30: 2.56 | D30: 128.49 | E30: 5290 | F30: 37.8138 | G30: 79.9 | H30: =IF(F30=0,"Yes","No") -> No | I30: 77.89 | J30: 68.47 | K30: 47.71
A31: 2 | B31: 12 | C31: 0.72 | D31: 97.96 | E31: 2291 | F31: 41.7711 | G31: 57.04 | H31: =IF(F31=0,"Yes","No") -> No | I31: 93.46 | J31: 57.73 | K31: 22.08
A32: 3 | B32: 12 | C32: 0.64 | D32: 106.08 | E32: 3659 | F32: 39.4355 | G32: 64.24 | H32: =IF(F32=0,"Yes","No") -> No | I32: 95.03 | J32: 58.95 | K32: 16.22
A33: 4 | B33: 10 | C33: 1.08 | D33: 83.81 | E33: 3659 | F33: 41.6889 | G33: 48.87 | H33: =IF(F33=0,"Yes","No") -> No | I33: 91.63 | J33: 57.02 | K33: 36.43
A34: 5 | B34: 11 | C34: 1.48 | D34: 104.93 | E34: 3659 | F34: 38.6779 | G34: 64.35 | H34: =IF(F34=0,"Yes","No") -> No | I34: 88.47 | J34: 60.13 | K34: 34.67
A35: 6 | B35: 11 | C35: 1.04 | D35: 106.31 | E35: 3659 | F35: 43.8834 | G35: 59.66 | H35: =IF(F35=0,"Yes","No") -> No | I35: 89.71 | J35: 56.93 | K35: 26.92
A36: 7 | B36: 11 | C36: 0.84 | D36: 130.87 | E36: 3659 | F36: 44.2704 | G36: 72.93 | H36: =IF(F36=0,"Yes","No") -> No | I36: 94.73 | J36: 54.79 | K36: 27.29
A37: 8 | B37: 12 | C37: 0.2 | D37: 137.6 | E37: 3635 | F37: 48.2267 | G37: 71.24 | H37: =IF(F37=0,"Yes","No") -> No | I37: 98.4 | J37: 50.72 | K37: 5.75
A38: 9 | B38: 9 | C38: 1.4 | D38: 96.5 | E38: 3188 | F38: 38.1707 | G38: 59.66 | H38: =IF(F38=0,"Yes","No") -> No | I38: 85.06 | J38: 60.83 | K38: 36.3
A39: 10 | B39: 9 | C39: 1.56 | D39: 91.83 | E39: 6047 | F39: 38.2649 | G39: 56.69 | H39: =IF(F39=0,"Yes","No") -> No | I39: 84.38 | J39: 59.72 | K39: 41.19
A41: avg | B41: =AVERAGE(B30:B39) -> 11.5 | C41: =AVERAGE(C30:C39) -> 1.152 | D41: =AVERAGE(D30:D39) -> 108.438 | E41: =AVERAGE(E30:E39) -> 3874.6 | F41: =AVERAGE(F30:F39) -> 41.22033 | G41: =AVERAGE(G30:G39) -> 63.458 | H41: =(COUNTIF(H30:H39,"Yes")/10)*100 -> 0 | I41: =AVERAGE(I30:I39) -> 89.876 | J41: =AVERAGE(J30:J39) -> 58.529 | K41: =AVERAGE(K30:K39) -> 29.456 | L41: =AVERAGE(L30:L39) -> #DIV/0!
F42: =((D41-G41)/D41)*100 -> 41.479924

Sheet sp2_25_a40
A1: bins J (1° stage) | B1: 4 | C1: 16 | D1: 17 | E1: 18 | F1: 19 | G1: 20 | H1: 21 | I1: 22 | J1: 24 | K1: 26 | N1: # fixed bins | O1: OF | P1: Time | Q1: Gap | R1: LB
A2: deterministic solution | N2: 10 | O2: 98.97 | P2: 900 | Q2: 0.024957 | R2: 69.5
A3: EVP
O6: VSS%
O7: =((ABS(C25-D41))/D41)*100 -> 10.276811
A13: zEVP | B13: # bins extra | C13: OF | D13: time_execution | E13: Gap | F13: LB | G13: Optimality reached? | H13: O_fs | I13: F_fs | J13: F_ss | K13: #items
A14: 1 | B14: 0.56 | C14: 105.16 | D14: 1800 | E14: 1.857 | F14: 103.21 | G14: =IF(E14=0,"Yes","No") -> No | H14: 94.11 | I14: 66.04 | J14: 17.16
A15: 2 | B15: 0.48 | C15: 105.08 | D15: 976 | E15: 0.8916 | F15: 104.14 | G15: =IF(E15=0,"Yes","No") -> No | H15: 94.18 | I15: 68.58 | J15: 20.92
A16: 3 | B16: 0.84 | C16: 109.13 | D16: 4781 | E16: 4.0969 | F16: 104.66 | G16: =IF(E16=0,"Yes","No") -> No | H16: 90.69 | I16: 68.14 | J16: 32.02
A17: 4 | B17: 2.8 | C17: 127.55 | D17: 3659 | E17: 22.409 | F17: 98.97 | G17: =IF(E17=0,"Yes","No") -> No | H17: 77.59 | I17: 66.08 | J17: 36.27
A18: 5 | B18: 1.84 | C18: 117.35 | D18: 2378 | E18: 15.66 | F18: 98.97 | G18: =IF(E18=0,"Yes","No") -> No | H18: 84.34 | I18: 67.89 | J18: 42.96
A19: 6 | B19: 1.28 | C19: 112.62 | D19: 4940 | E19: 12.12 | F19: 98.97 | G19: =IF(E19=0,"Yes","No") -> No | H19: 87.88 | I19: 65.16 | J19: 24.98
A20: 7 | B20: 1.08 | C20: 110.09 | D20: 3659 | E20: 10.1044 | F20: 98.97 | G20: =IF(E20=0,"Yes","No") -> No | H20: 89.9 | I20: 67.03 | J20: 26.49
A21: 8 | B21: 1.88 | C21: 119.43 | D21: 3659 | E21: 17.1295 | F21: 98.97 | G21: =IF(E21=0,"Yes","No") -> No | H21: 82.87 | I21: 68.56 | J21: 30.4
A22: 9 | B22: 1.32 | C22: 113.34 | D22: 3659 | E22: 12.6779 | F22: 98.97 | G22: =IF(E22=0,"Yes","No") -> No | H22: 87.32 | I22: 67.53 | J22: 24.08
A23: 10 | B23: 1.48 | C23: 114.05 | D23: 3659 | E23: 13.225 | F23: 98.97 | G23: =IF(E23=0,"Yes","No") -> No | H23: 86.77 | I23: 65.72 | J23: 24.47
A25: avg | B25: =AVERAGE(B14:B23) -> 1.356 | C25: =AVERAGE(C14:C23) -> 113.38 | D25: =AVERAGE(D14:D23) -> 3317 | E25: =AVERAGE(E14:E23) -> 11.01713 | F25: =AVERAGE(F14:F23) -> 100.48 | G25: =(COUNTIF(G14:G23,"Yes")/10)*100 -> 0 | H25: =AVERAGE(H14:H23) -> 87.565 | I25: =AVERAGE(I14:I23) -> 67.073 | J25: =AVERAGE(J14:J23) -> 27.975 | K25: =AVERAGE(K14:K23) -> #DIV/0!
E26: =((C25-F25)/C25)*100 -> 11.377668
A29: Stochastic 2 stage | B29: # fixed bins | C29: bins extra | D29: OF | E29: time_execution | F29: Gap | G29: LB | H29: Optimality reached? | I29: O_fs | J29: F_fs | K29: F_ss | L29: # items
A30: 1 | B30: 8 | C30: 1.6 | D30: 123.86 | E30: 4652 | F30: 38.2525 | G30: 76.48 | H30: =IF(F30=0,"Yes","No") -> No | I30: 80.41 | J30: 60.43 | K30: 35.15
A31: 2 | B31: 9 | C31: 1.04 | D31: 81.45 | E31: 1800 | F31: 36.6648 | G31: 51.59 | H31: =IF(F31=0,"Yes","No") -> No | I31: 86.3 | J31: 60.82 | K31: 37.51
A32: 3 | B32: 10 | C32: 0.76 | D32: 130.05 | E32: 2059 | F32: 36.1247 | G32: 83.07 | H32: =IF(F32=0,"Yes","No") -> No | I32: 94.58 | J32: 58.41 | K32: 22.83
A33: 4 | B33: 10 | C33: 1.24 | D33: 87.87 | E33: 5342 | F33: 38.4536 | G33: 54.08 | H33: =IF(F33=0,"Yes","No") -> No | I33: 88.76 | J33: 59.62 | K33: 35.73
A34: 5 | B34: 10 | C34: 0.72 | D34: 103.5 | E34: 1947 | F34: 38.4479 | G34: 63.8 | H34: =IF(F34=0,"Yes","No") -> No | I34: 93.05 | J34: 59.82 | K34: 25.14
A35: 6 | B35: 10 | C35: 0.76 | D35: 90.63 | E35: 6213 | F35: 40.8324 | G35: 53.62 | H35: =IF(F35=0,"Yes","No") -> No | I35: 91.8 | J35: 55.07 | K35: 24.77
A36: 7 | B36: 10 | C36: 0.4 | D36: 128.39 | E36: 2205 | F36: 39.1249 | G36: 78.16 | H36: =IF(F36=0,"Yes","No") -> No | I36: 95.96 | J36: 57.69 | K36: 10.96
A37: 8 | B37: 10 | C37: 0.96 | D37: 104.5 | E37: 2089 | F37: 38.7627 | G37: 63.99 | H37: =IF(F37=0,"Yes","No") -> No | I37: 89.18 | J37: 59.43 | K37: 21.28
A38: 9 | B38: 10 | C38: 1.6 | D38: 91.95 | E38: 1800 | F38: 32.8775 | G38: 61.72 | H38: =IF(F38=0,"Yes","No") -> No | I38: 83.19 | J38: 64.77 | K38: 40.13
A39: 10 | B39: 10 | C39: 0.6 | D39: 85.94 | E39: 1800 | F39: 39.929 | G39: 51.63 | H39: =IF(F39=0,"Yes","No") -> No | I39: 92.27 | J39: 57.49 | K39: 15.08
A41: avg | B41: =AVERAGE(B30:B39) -> 9.7 | C41: =AVERAGE(C30:C39) -> 0.968 | D41: =AVERAGE(D30:D39) -> 102.814 | E41: =AVERAGE(E30:E39) -> 2990.7 | F41: =AVERAGE(F30:F39) -> 37.947 | G41: =AVERAGE(G30:G39) -> 63.814 | H41: =(COUNTIF(H30:H39,"Yes")/10)*100 -> 0 | I41: =AVERAGE(I30:I39) -> 89.55 | J41: =AVERAGE(J30:J39) -> 59.355 | K41: =AVERAGE(K30:K39) -> 26.858 | L41: =AVERAGE(L30:L39) -> #DIV/0!
F42: =((D41-G41)/D41)*100 -> 37.932577

Sheet sp3_25_a5
A1: bins J (1° stage) | B1: 21 | C1: 22 | D1: 23 | E1: 24 | F1: 28 | G1: 29 | H1: 30 | I1: 31 | J1: 32 | K1: 33 | L1: 34 | N1: # fixed bins | O1: OF | P1: Time | Q1: Gap | R1: LB
A2: deterministic solution | N2: 11 | O2: 116.65 | P2: 367.28 | Q2: 0 | R2: 116.65
A3: EVP
O6: VSS%
O7: =((ABS(C25-D41))/D41)*100 -> 2.3683894
A13: zEVP | B13: # bins extra | C13: OF | D13: time_execution | E13: Gap | F13: LB | G13: Optimality reached? | H13: O_fs | I13: F_fs | J13: F_ss | K13: #items
A14: 1 | B14: 1.68 | C14: 130.88 | D14: 3944 | E14: 3.7476 | F14: 125.97 | G14: =IF(E14=0,"Yes","No") -> No | H14: 89.13 | I14: 65.68 | J14: 33.42
A15: 2 | B15: 1.24 | C15: 126.75 | D15: 1877 | E15: 7.0995 | F15: 117.75 | G15: =IF(E15=0,"Yes","No") -> No | H15: 92.03 | I15: 65.31 | J15: 24.88
A16: 3 | B16: 1.72 | C16: 131.18 | D16: 1800 | E16: 7.9446 | F16: 120.76 | G16: =IF(E16=0,"Yes","No") -> No | H16: 88.92 | I16: 67.91 | J16: 33.29
A17: 4 | B17: 1.2 | C17: 127.15 | D17: 611 | E17: 0.9972 | F17: 125.88 | G17: =IF(E17=0,"Yes","No") -> No | H17: 91.74 | I17: 65.38 | J17: 28.13
A18: 5 | B18: 0.48 | C18: 120.7 | D18: 173 | E18: 0.984 | F18: 119.51 | G18: =IF(E18=0,"Yes","No") -> No | H18: 96.64 | I18: 64.25 | J18: 14.31
A19: 6 | B19: 1.4 | C19: 128.6 | D19: 1149 | E19: 0.9096 | F19: 127.43 | G19: =IF(E19=0,"Yes","No") -> No | H19: 90.71 | I19: 66.13 | J19: 32.33
A20: 7 | B20: 1.08 | C20: 126.43 | D20: 328 | E20: 0.9797 | F20: 125.19 | G20: =IF(E20=0,"Yes","No") -> No | H20: 92.27 | I20: 68.82 | J20: 40.92
A21: 8 | B21: 1.16 | C21: 126.81 | D21: 692 | E21: 0.8436 | F21: 125.74 | G21: =IF(E21=0,"Yes","No") -> No | H21: 91.98 | I21: 66.92 | J21: 34.52
A22: 9 | B22: 1.44 | C22: 129.3 | D22: 1141 | E22: 0.9693 | F22: 128.04 | G22: =IF(E22=0,"Yes","No") -> No | H22: 90.22 | I22: 65.32 | J22: 31.23
A23: 10 | B23: 1.24 | C23: 126.84 | D23: 1800 | E23: 1.2593 | F23: 125.24 | G23: =IF(E23=0,"Yes","No") -> No | H23: 91.97 | I23: 63.55 | J23: 23.17
A25: avg | B25: =AVERAGE(B14:B23) -> 1.264 | C25: =AVERAGE(C14:C23) -> 127.464 | D25: =AVERAGE(D14:D23) -> 1351.5 | E25: =AVERAGE(E14:E23) -> 2.57344 | F25: =AVERAGE(F14:F23) -> 124.151 | G25: =(COUNTIF(G14:G23,"Yes")/10)*100 -> 0 | H25: =AVERAGE(H14:H23) -> 91.561 | I25: =AVERAGE(I14:I23) -> 65.927 | J25: =AVERAGE(J14:J23) -> 29.62 | K25: =AVERAGE(K14:K23) -> #DIV/0!
E26: =((C25-F25)/C25)*100 -> 2.5991653
A29: Stochastic 2 stage | B29: # fixed bins | C29: bins extra | D29: OF | E29: time_execution | F29: Gap | G29: LB | H29: Optimality reached? | I29: O_fs | J29: F_fs | K29: F_ss | L29: # items
A30: 1 | B30: 11 | C30: 3.68 | D30: 118.18 | E30: 1800 | F30: 23.7255 | G30: 90.14 | H30: =IF(F30=0,"Yes","No") -> No | I30: 68.41 | J30: 61.01 | K30: 50.29
A31: 2 | B31: 8 | C31: 3.12 | D31: 110.52 | E31: 1800 | F31: 23.4705 | G31: 84.58 | H31: =IF(F31=0,"Yes","No") -> No | I31: 72.38 | J31: 68.51 | K31: 57.82
A32: 3 | B32: 13 | C32: 3 | D32: 156.14 | E32: 1800 | F32: 25.432 | G32: 116.43 | H32: =IF(F32=0,"Yes","No") -> No | I32: 83.09 | J32: 59.83 | K32: 51.19
A33: 4 | B33: 9 | C33: 2.32 | D33: 117.99 | E33: 1800 | F33: 24.4865 | G33: 89.1 | H33: =IF(F33=0,"Yes","No") -> No | I33: 79.78 | J33: 69.19 | K33: 45.54
A34: 5 | B34: 8 | C34: 2.4 | D34: 124.8 | E34: 1800 | F34: 24.9849 | G34: 93.62 | H34: =IF(F34=0,"Yes","No") -> No | I34: 77.82 | J34: 71.79 | K34: 54.32
A35: 6 | B35: 8 | C35: 3.44 | D35: 116.13 | E35: 1800 | F35: 28.6376 | G35: 82.87 | H35: =IF(F35=0,"Yes","No") -> No | I35: 73.3 | J35: 71.49 | K35: 61.06
A36: 7 | B36: 10 | C36: 3.64 | D36: 145.83 | E36: 1800 | F36: 32.2652 | G36: 98.77 | H36: =IF(F36=0,"Yes","No") -> No | I36: 70.84 | J36: 65.16 | K36: 60.4
A37: 8 | B37: 11 | C37: 3.44 | D37: 108.74 | E37: 1959 | F37: 19.42 | G37: 87.62 | H37: =IF(F37=0,"Yes","No") -> No | I37: 72.12 | J37: 61.75 | K37: 52.83
A38: 9 | B38: 9 | C38: 2.56 | D38: 144.29 | E38: 1800 | F38: 28.7867 | G38: 102.76 | H38: =IF(F38=0,"Yes","No") -> No | I38: 80.59 | J38: 69.09 | K38: 48
A39: 10 | B39: 9 | C39: 2.08 | D39: 102.53 | E39: 1800 | F39: 31.4519 | G39: 70.28 | H39: =IF(F39=0,"Yes","No") -> No | I39: 83.39 | J39: 67.63 | K39: 41.81
A41: avg | B41: =AVERAGE(B30:B39) -> 9.6 | C41: =AVERAGE(C30:C39) -> 2.968 | D41: =AVERAGE(D30:D39) -> 124.515 | E41: =AVERAGE(E30:E39) -> 1815.9 | F41: =AVERAGE(F30:F39) -> 26.26608 | G41: =AVERAGE(G30:G39) -> 91.617 | H41: =(COUNTIF(H30:H39,"Yes")/10)*100 -> 0 | I41: =AVERAGE(I30:I39) -> 76.172 | J41: =AVERAGE(J30:J39) -> 66.545 | K41: =AVERAGE(K30:K39) -> 52.326 | L41: =AVERAGE(L30:L39) -> #DIV/0!
F42: =((D41-G41)/D41)*100 -> 26.420913

Sheet sp3_25_a10
A1: bins J (1° stage) | B1: 21 | C1: 22 | D1: 23 | E1: 24 | F1: 28 | G1: 29 | H1: 30 | I1: 31 | J1: 32 | K1: 33 | L1: 34 | N1: # fixed bins | O1: OF | P1: Time | Q1: Gap | R1: LB
A2: deterministic solution | N2: 11 | O2: 116.65 | P2: 367.28 | Q2: 0 | R2: 116.65
A3: EVP
O6: VSS%
O7: =((ABS(C25-D41))/D41)*100 -> 10.093235
A13: zEVP | B13: # bins extra | C13: OF | D13: time_execution | E13: Gap | F13: LB | G13: Optimality reached? | H13: O_fs | I13: F_fs | J13: F_ss | K13: #items
A14: 1 | B14: 1.12 | C14: 127.2 | D14: 570 | E14: 0.935 | F14: 125.94 | G14: =IF(E14=0,"Yes","No") -> No | H14: 91.71 | I14: 65.84 | J14: 32.34
A15: 2 | B15: 0.88 | C15: 124.43 | D15: 587 | E15: 0.802 | F15: 123.44 | G15: =IF(E15=0,"Yes","No") -> No | H15: 93.74 | I15: 65.17 | J15: 24.34
A16: 3 | B16: 1.4 | C16: 129.21 | D16: 1355 | E16: 0.9195 | F16: 128.02 | G16: =IF(E16=0,"Yes","No") -> No | H16: 90.28 | I16: 65 | J16: 28.57
A17: 4 | B17: 1.92 | C17: 133.89 | D17: 2485 | E17: 3.0434 | F17: 129.82 | G17: =IF(E17=0,"Yes","No") -> No | H17: 87.12 | I17: 68.15 | J17: 39.82
A18: 5 | B18: 0.48 | C18: 121.25 | D18: 1999 | E18: 1.2044 | F18: 119.79 | G18: =IF(E18=0,"Yes","No") -> No | H18: 96.2 | I18: 59.15 | J18: 11.99
A19: 6 | B19: 1.24 | C19: 128.05 | D19: 1908 | E19: 8.3091 | F19: 117.41 | G19: =IF(E19=0,"Yes","No") -> No | H19: 91.1 | I19: 66.21 | J19: 34.18
A20: 7 | B20: 1.24 | C20: 128.05 | D20: 1889 | E20: 5.2821 | F20: 121.28 | G20: =IF(E20=0,"Yes","No") -> No | H20: 91.1 | I20: 66.01 | J20: 24.39
A21: 8 | B21: 1.48 | C21: 130.75 | D21: 2044 | E21: 5.8443 | F21: 123.11 | G21: =IF(E21=0,"Yes","No") -> No | H21: 89.22 | I21: 65.91 | J21: 36.68
A22: 9 | B22: 1.44 | C22: 130.04 | D22: 1800 | E22: 6.3852 | F22: 121.74 | G22: =IF(E22=0,"Yes","No") -> No | H22: 89.7 | I22: 68.65 | J22: 37.42
A23: 10 | B23: 0.32 | C23: 120.05 | D23: 984 | E23: 0.9429 | F23: 118.92 | G23: =IF(E23=0,"Yes","No") -> No | H23: 97.17 | I23: 63.79 | J23: 16.41
A25: avg | B25: =AVERAGE(B14:B23) -> 1.152 | C25: =AVERAGE(C14:C23) -> 127.292 | D25: =AVERAGE(D14:D23) -> 1562.1 | E25: =AVERAGE(E14:E23) -> 3.36679 | F25: =AVERAGE(F14:F23) -> 122.947 | G25: =(COUNTIF(G14:G23,"Yes")/10)*100 -> 0 | H25: =AVERAGE(H14:H23) -> 91.734 | I25: =AVERAGE(I14:I23) -> 65.388 | J25: =AVERAGE(J14:J23) -> 28.614 | K25: =AVERAGE(K14:K23) -> #DIV/0!
E26: =((C25-F25)/C25)*100 -> 3.4134117
A29: Stochastic 2 stage | B29: # fixed bins | C29: bins extra | D29: OF | E29: time_execution | F29: Gap | G29: LB | H29: Optimality reached? | I29: O_fs | J29: F_fs | K29: F_ss | L29: # items
A30: 1 | B30: 9 | C30: 2.48 | D30: 96.28 | E30: 5917 | F30: 31.8432 | G30: 65.62 | H30: =IF(F30=0,"Yes","No") -> No | I30: 76.56 | J30: 66.22 | K30: 49.38
A31: 2 | B31: 12 | C31: 3.28 | D31: 138.83 | E31: 5324 | F31: 41.6512 | G31: 81.01 | H31: =IF(F31=0,"Yes","No") -> No | I31: 78.92 | J31: 59.91 | K31: 47.9
A32: 3 | B32: 12 | C32: 4.4 | D32: 154.17 | E32: 3659 | F32: 45.7319 | G32: 83.66 | H32: =IF(F32=0,"Yes","No") -> No | I32: 71.22 | J32: 58.32 | K32: 49.35
A33: 4 | B33: 11 | C33: 2.08 | D33: 117.11 | E33: 3659 | F33: 36.4351 | G33: 74.44 | H33: =IF(F33=0,"Yes","No") -> No | I33: 86.79 | J33: 63.69 | K33: 54.62
A34: 5 | B34: 8 | C34: 2.84 | D34: 86.82 | E34: 3659 | F34: 39.3328 | G34: 52.67 | H34: =IF(F34=0,"Yes","No") -> No | I34: 73.35 | J34: 63.25 | K34: 50.74
A35: 6 | B35: 11 | C35: 1.24 | D35: 138.48 | E35: 2171 | F35: 37.2259 | G35: 86.93 | H35: =IF(F35=0,"Yes","No") -> No | I35: 90.71 | J35: 62.37 | K35: 37.09
A36: 7 | B36: 13 | C36: 3.2 | D36: 132.79 | E36: 3845 | F36: 42.1729 | G36: 76.79 | H36: =IF(F36=0,"Yes","No") -> No | I36: 80.18 | J36: 57.93 | K36: 45.13
A37: 8 | B37: 10 | C37: 1.88 | D37: 109.37 | E37: 3015 | F37: 29.22 | G37: 77.41 | H37: =IF(F37=0,"Yes","No") -> No | I37: 83.11 | J37: 66.04 | K37: 43.37
A38: 9 | B38: 10 | C38: 2.08 | D38: 98.64 | E38: 1800 | F38: 31.8834 | G38: 67.19 | H38: =IF(F38=0,"Yes","No") -> No | I38: 80.5 | J38: 66.94 | K38: 45.25
A39: 10 | B39: 9 | C39: 1.4 | D39: 83.73 | E39: 5463 | F39: 23.9936 | G39: 63.64 | H39: =IF(F39=0,"Yes","No") -> No | I39: 86.1 | J39: 67.36 | K39: 46.89
A41: avg | B41: =AVERAGE(B30:B39) -> 10.5 | C41: =AVERAGE(C30:C39) -> 2.488 | D41: =AVERAGE(D30:D39) -> 115.622 | E41: =AVERAGE(E30:E39) -> 3851.2 | F41: =AVERAGE(F30:F39) -> 35.949 | G41: =AVERAGE(G30:G39) -> 72.936 | H41: =(COUNTIF(H30:H39,"Yes")/10)*100 -> 0 | I41: =AVERAGE(I30:I39) -> 80.744 | J41: =AVERAGE(J30:J39) -> 63.203 | K41: =AVERAGE(K30:K39) -> 46.972 | L41: =AVERAGE(L30:L39) -> #DIV/0!
F42: =((D41-G41)/D41)*100 -> 36.91858

Sheet sp3_25_a20
A1: bins J (1° stage) | B1: 21 | C1: 22 | D1: 23 | E1: 24 | F1: 28 | G1: 29 | H1: 30 | I1: 31 | J1: 32 | K1: 33 | L1: 34 | N1: # fixed bins | O1: OF | P1: Time | Q1: Gap | R1: LB
A2: deterministic solution | N2: 11 | O2: 116.65 | P2: 367.28 | Q2: 0 | R2: 116.65
A3: EVP
O6: VSS%
O7: =((ABS(C25-D41))/D41)*100 -> 2.4305922
A13: zEVP | B13: # bins extra | C13: OF | D13: time_execution | E13: Gap | F13: LB | G13: Optimality reached? | H13: O_fs | I13: F_fs | J13: F_ss | K13: #items
A14: 1 | B14: 1.84 | C14: 135.02 | D14: 6862 | E14: 3.652 | F14: 130.08 | G14: =IF(E14=0,"Yes","No") -> No | H14: 86.4 | I14: 67.94 | J14: 43.23
A15: 2 | B15: 1.28 | C15: 129.05 | D15: 4355 | E15: 8.731 | F15: 117.78 | G15: =IF(E15=0,"Yes","No") -> No | H15: 90.39 | I15: 64.65 | J15: 25.76
A16: 3 | B16: 2.6 | C16: 140.11 | D16: 3659 | E16: 16.3313 | F16: 117.23 | G16: =IF(E16=0,"Yes","No") -> No | H16: 83.26 | I16: 66.05 | J16: 37.38
A17: 4 | B17: 3.44 | C17: 146.86 | D17: 2415 | E17: 20.0976 | F17: 117.34 | G17: =IF(E17=0,"Yes","No") -> No | H17: 79.43 | I17: 64.72 | J17: 46.65
A18: 5 | B18: 2.4 | C18: 137.39 | D18: 4903 | E18: 14.3226 | F18: 117.67 | G18: =IF(E18=0,"Yes","No") -> No | H18: 84.94 | I18: 67 | J18: 34.19
A19: 6 | B19: 1.72 | C19: 131.38 | D19: 3659 | E19: 11.2139 | F19: 116.65 | G19: =IF(E19=0,"Yes","No") -> No | H19: 88.79 | I19: 64.36 | J19: 17.87
A20: 7 | B20: 2.92 | C20: 141.79 | D20: 3659 | E20: 17.6693 | F20: 116.74 | G20: =IF(E20=0,"Yes","No") -> No | H20: 82.27 | I20: 64.19 | J20: 26.57
A21: 8 | B21: 2.48 | C21: 138.48 | D21: 2577 | E21: 15.449 | F21: 117.09 | G21: =IF(E21=0,"Yes","No") -> No | H21: 84.23 | I21: 64.85 | J21: 30.13
A22: 9 | B22: 0.8 | C22: 124.7 | D22: 3841 | E22: 5.9105 | F22: 117.33 | G22: =IF(E22=0,"Yes","No") -> No | H22: 93.55 | I22: 63.15 | J22: 24.36
A23: 10 | B23: 1.64 | C23: 132.2 | D23: 2654 | E23: 11.7638 | F23: 116.65 | G23: =IF(E23=0,"Yes","No") -> No | H23: 88.24 | I23: 65.89 | J23: 24.93
A25: avg | B25: =AVERAGE(B14:B23) -> 2.112 | C25: =AVERAGE(C14:C23) -> 135.698 | D25: =AVERAGE(D14:D23) -> 3858.4 | E25: =AVERAGE(E14:E23) -> 12.5141 | F25: =AVERAGE(F14:F23) -> 118.456 | G25: =(COUNTIF(G14:G23,"Yes")/10)*100 -> 0 | H25: =AVERAGE(H14:H23) -> 86.15 | I25: =AVERAGE(I14:I23) -> 65.28 | J25: =AVERAGE(J14:J23) -> 31.107 | K25: =AVERAGE(K14:K23) -> #DIV/0!
E26: =((C25-F25)/C25)*100 -> 12.706156
A29: Stochastic 2 stage | B29: # fixed bins | C29: bins extra | D29: OF | E29: time_execution | F29: Gap | G29: LB | H29: Optimality reached? | I29: O_fs | J29: F_fs | K29: F_ss | L29: # items
A30: 1 | B30: 13 | C30: 0.6 | D30: 105.84 | E30: 5656 | F30: 36.8132 | G30: 66.88 | H30: =IF(F30=0,"Yes","No") -> No | I30: 94.33 | J30: 59.82 | K30: 11.27
A31: 2 | B31: 9 | C31: 2.6 | D31: 126.9 | E31: 5446 | F31: 34.5252 | G31: 83.09 | H31: =IF(F31=0,"Yes","No") -> No | I31: 77.38 | J31: 65.69 | K31: 54.23
A32: 3 | B32: 10 | C32: 5.76 | D32: 180.38 | E32: 3659 | F32: 49.2886 | G32: 91.47 | H32: =IF(F32=0,"Yes","No") -> No | I32: 62.7 | J32: 54.85 | K32: 59.92
A33: 4 | B33: 12 | C33: 2.52 | D33: 125.36 | E33: 3658 | F33: 41.6062 | G33: 73.2 | H33: =IF(F33=0,"Yes","No") -> No | I33: 85.67 | J33: 57.76 | K33: 41.68
A34: 5 | B34: 14 | C34: 2.72 | D34: 154.77 | E34: 3658 | F34: 40.4494 | G34: 92.16 | H34: =IF(F34=0,"Yes","No") -> No | I34: 86.48 | J34: 58.07 | K34: 46.26
A35: 6 | B35: 12 | C35: 0.32 | D35: 144.48 | E35: 3659 | F35: 39.487 | G35: 87.43 | H35: =IF(F35=0,"Yes","No") -> No | I35: 98.17 | J35: 59.91 | K35: 3.72
A36: 7 | B36: 10 | C36: 1.84 | D36: 106.22 | E36: 1800 | F36: 27.9576 | G36: 76.52 | H36: =IF(F36=0,"Yes","No") -> No | I36: 83.98 | J36: 65.24 | K36: 40.52
A37: 8 | B37: 14 | C37: 1.96 | D37: 145.59 | E37: 5570 | F37: 31.5872 | G37: 99.6 | H37: =IF(F37=0,"Yes","No") -> No | I37: 84.62 | J37: 56.97 | K37: 38.42
A38: 9 | B38: 12 | C38: 0.36 | D38: 122.48 | E38: 3077 | F38: 39.6217 | G38: 73.95 | H38: =IF(F38=0,"Yes","No") -> No | I38: 97.98 | J38: 58.31 | K38: 7.54
A39: 10 | B39: 13 | C39: 3.04 | D39: 112.76 | E39: 3415 | F39: 42.0972 | G39: 65.29 | H39: =IF(F39=0,"Yes","No") -> No | I39: 80.7 | J39: 58.85 | K39: 47.82
A41: avg | B41: =AVERAGE(B30:B39) -> 11.9 | C41: =AVERAGE(C30:C39) -> 2.172 | D41: =AVERAGE(D30:D39) -> 132.478 | E41: =AVERAGE(E30:E39) -> 3959.8 | F41: =AVERAGE(F30:F39) -> 38.34333 | G41: =AVERAGE(G30:G39) -> 80.959 | H41: =(COUNTIF(H30:H39,"Yes")/10)*100 -> 0 | I41: =AVERAGE(I30:I39) -> 85.201 | J41: =AVERAGE(J30:J39) -> 59.547 | K41: =AVERAGE(K30:K39) -> 35.138 | L41: =AVERAGE(L30:L39) -> #DIV/0!
F42: =((D41-G41)/D41)*100 -> 38.888721

Sheet sp3_25_a40
A1: bins J (1° stage) | B1: 21 | C1: 22 | D1: 23 | E1: 24 | F1: 28 | G1: 29 | H1: 30 | I1: 31 | J1: 32 | K1: 33 | L1: 34 | N1: # fixed bins | O1: OF | P1: Time | Q1: Gap | R1: LB
A2: deterministic solution | N2: 11 | O2: 116.65 | P2: 367.28 | Q2: 0 | R2: 116.65
A3: EVP
O6: VSS%
O7: =((ABS(C25-D41))/D41)*100 -> 8.3136805
A13: zEVP | B13: # bins extra | C13: OF | D13: time_execution | E13: Gap | F13: LB | G13: Optimality reached? | H13: O_fs | I13: F_fs | J13: F_ss | K13: #items
A14: 1 | B14: 1.16 | C14: 130.04 | D14: 2638 | E14: 3.2387 | F14: 125.83 | G14: =IF(E14=0,"Yes","No") -> No | H14: 89.7 | I14: 66.24 | J14: 23.17
A15: 2 | B15: 1.2 | C15: 130.38 | D15: 1739 | E15: 0.9299 | F15: 129.17 | G15: =IF(E15=0,"Yes","No") -> No | H15: 89.47 | I15: 63.75 | J15: 32.77
A16: 3 | B16: 0.92 | C16: 127.66 | D16: 345 | E16: 0.9762 | F16: 126.42 | G16: =IF(E16=0,"Yes","No") -> No | H16: 91.37 | I16: 64.52 | J16: 24.58
A17: 4 | B17: 0.52 | C17: 122.67 | D17: 180.13 | E17: 0.9954 | F17: 121.45 | G17: =IF(E17=0,"Yes","No") -> No | H17: 95.09 | I17: 59.49 | J17: 18.82
A18: 5 | B18: 1.24 | C18: 131.05 | D18: 554 | E18: 0.9769 | F18: 129.77 | G18: =IF(E18=0,"Yes","No") -> No | H18: 89.01 | I18: 65.91 | J18: 30.5
A19: 6 | B19: 1.88 | C19: 137.87 | D19: 1216 | E19: 0.8587 | F19: 136.69 | G19: =IF(E19=0,"Yes","No") -> No | H19: 84.61 | I19: 69.14 | J19: 41.84
A20: 7 | B20: 1.84 | C20: 137.37 | D20: 2120 | E20: 1.3115 | F20: 135.57 | G20: =IF(E20=0,"Yes","No") -> No | H20: 84.92 | I20: 65.52 | J20: 38.23
A21: 8 | B21: 1.72 | C21: 136.07 | D21: 1800 | E21: 3.5694 | F21: 131.22 | G21: =IF(E21=0,"Yes","No") -> No | H21: 85.73 | I21: 63.49 | J21: 36.49
A22: 9 | B22: 1.28 | C22: 130.74 | D22: 1800 | E22: 1.2041 | F22: 129.16 | G22: =IF(E22=0,"Yes","No") -> No | H22: 89.22 | I22: 65.9 | J22: 32.89
A23: 10 | B23: 0.84 | C23: 126.32 | D23: 2666 | E23: 1.4138 | F23: 124.54 | G23: =IF(E23=0,"Yes","No") -> No | H23: 92.34 | I23: 64.4 | J23: 20.85
A25: avg | B25: =AVERAGE(B14:B23) -> 1.26 | C25: =AVERAGE(C14:C23) -> 131.017 | D25: =AVERAGE(D14:D23) -> 1505.813 | E25: =AVERAGE(E14:E23) -> 1.54746 | F25: =AVERAGE(F14:F23) -> 128.982 | G25: =(COUNTIF(G14:G23,"Yes")/10)*100 -> 0 | H25: =AVERAGE(H14:H23) -> 89.146 | I25: =AVERAGE(I14:I23) -> 64.836 | J25: =AVERAGE(J14:J23) -> 30.014 | K25: =AVERAGE(K14:K23) -> #DIV/0!
E26: =((C25-F25)/C25)*100 -> 1.5532335
A29: Stochastic 2 stage | B29: # fixed bins | C29: bins extra | D29: OF | E29: time_execution | F29: Gap | G29: LB | H29: Optimality reached? | I29: O_fs | J29: F_fs | K29: F_ss | L29: # items
A30: 1 | B30: 15 | C30: 1.12 | D30: 176.74 | E30: 1965 | F30: 33.7915 | G30: 117.02 | H30: =IF(F30=0,"Yes","No") -> No | I30: 90.81 | J30: 55.77 | K30: 27.97
A31: 2 | B31: 11 | C31: 1 | D31: 108.72 | E31: 2117 | F31: 34.2359 | G31: 71.5 | H31: =IF(F31=0,"Yes","No") -> No | I31: 88.93 | J31: 61.76 | K31: 23.42
A32: 3 | B32: 11 | C32: 0.92 | D32: 136.34 | E32: 1948 | F32: 34.1455 | G32: 89.78 | H32: =IF(F32=0,"Yes","No") -> No | I32: 92.62 | J32: 62.76 | K32: 23.03
A33: 4 | B33: 12 | C33: 1.6 | D33: 131.86 | E33: 2532 | F33: 25.4219 | G33: 98.34 | H33: =IF(F33=0,"Yes","No") -> No | I33: 83 | J33: 57.11 | K33: 33.74
A34: 5 | B34: 14 | C34: 1.44 | D34: 166.3 | E34: 1800 | F34: 32.1046 | G34: 112.9 | H34: =IF(F34=0,"Yes","No") -> No | I34: 86.97 | J34: 58.39 | K34: 36.04
A35: 6 | B35: 12 | C35: 1.08 | D35: 142.69 | E35: 1800 | F35: 28.2541 | G35: 102.37 | H35: =IF(F35=0,"Yes","No") -> No | I35: 94.11 | J35: 63.8 | K35: 24.06
A36: 7 | B36: 25 | C36: 3.12 | D36: 169.99 | E36: 1849 | F36: 40.0242 | G36: 101.95 | H36: =IF(F36=0,"Yes","No") -> No | I36: 73.24 | J36: 59.46 | K36: 37.67
A37: 8 | B37: 10 | C37: 2 | D37: 120.69 | E37: 1800 | F37: 27.3101 | G37: 87.73 | H37: =IF(F37=0,"Yes","No") -> No | I37: 83.18 | J37: 64.87 | K37: 38.71
A38: 9 | B38: 15 | C38: 1.04 | D38: 139.31 | E38: 1800 | F38: 32.5158 | G38: 94.01 | H38: =IF(F38=0,"Yes","No") -> No | I38: 93.46 | J38: 56.6 | K38: 19.05
A39: 10 | B39: 11 | C39: 1.36 | D39: 136.33 | E39: 1840 | F39: 28.5168 | G39: 97.46 | H39: =IF(F39=0,"Yes","No") -> No | I39: 91.21 | J39: 63.23 | K39: 32.56
A41: avg | B41: =AVERAGE(B30:B39) -> 13.6 | C41: =AVERAGE(C30:C39) -> 1.468 | D41: =AVERAGE(D30:D39) -> 142.897 | E41: =AVERAGE(E30:E39) -> 1945.1 | F41: =AVERAGE(F30:F39) -> 31.63204 | G41: =AVERAGE(G30:G39) -> 97.306 | H41: =(COUNTIF(H30:H39,"Yes")/10)*100 -> 0 | I41: =AVERAGE(I30:I39) -> 87.753 | J41: =AVERAGE(J30:J39) -> 60.375 | K41: =AVERAGE(K30:K39) -> 29.625 | L41: =AVERAGE(L30:L39) -> #DIV/0!
F42: =((D41-G41)/D41)*100 -> 31.904799

Sheet Hss-sp1_25
A12: alfa = 5
A13: Heuristic algorithm | B13: # bins extra | C13: Total cost | D13: O_fs | E13: Time_execution | F13: F_fs | G13: F_ss | H13: #items | I13: #fixed bins
A14: 1 | B14: 5 | C14: 111.3125 | D14: 0.5977 | E14: 0.00024104118 | F14: 0.713 | G14: 0.6023 | I14: 7
A15: 2 | B15: 9 | C15: 97.97 | D15: 0.4676 | E15: 0.00035095215 | F15: 0.6454 | G15: 0.7724 | I15: 7
A16: 3 | B16: 5 | C16: 111.67 | D16: 0.622 | E16: 0.00032711029 | F16: 0.6267 | G16: 0.392 | I16: 7
A17: 4 | B17: 7 | C17: 102.26 | D17: 0.5716 | E17: 0.00033211708 | F17: 0.6647 | G17: 0.6913 | I17: 7
A18: 5 | B18: 8 | C18: 97.62 | D18: 0.488 | E18: 0.00034093857 | F18: 0.6214 | G18: 0.688 | I18: 7
A19: 6 | B19: 2 | C19: 91.12 | D19: 0.8251 | E19: 0.00014090538 | F19: 0.6443 | G19: 0.507 | I19: 8
A20: 7 | B20: 5 | C20: 122.91 | D20: 0.6446 | E20: 0.00027704239 | F20: 0.6884 | G20: 0.6026 | I20: 7
A21: 8 | B21: 4 | C21: 76.41 | D21: 0.6526 | E21: 0.0001950264 | F21: 0.5977 | G21: 0.5562 | I21: 7
A22: 9 | B22: 2 | C22: 71.73 | D22: 0.827 | E22: 0.00014472008 | F22: 0.5901 | G22: 0.5032 | I22: 8
A23: 10 | B23: 2 | C23: 71.54 | D23: 0.7972 | E23: 0.00015091896 | F23: 0.5593 | G23: 0.6196 | I23: 7
A25: avg | B25: =AVERAGE(B14:B23) -> 4.9 | C25: =AVERAGE(C14:C23) -> 95.45425 | D25: =AVERAGE(D14:D23) -> 0.64934 | E25: =AVERAGE(E14:E23) -> 0.00025007725 | F25: =AVERAGE(F14:F23) -> 0.6351 | G25: =AVERAGE(G14:G23) -> 0.59346 | H25: =AVERAGE(H14:H23) -> #DIV/0! | I25: =AVERAGE(I14:I23) -> 7.2
B26: =AVERAGE(B14:B19,B21:B23) -> 4.8888889 | C26: =AVERAGE(C14:C19,C21:C23) -> 92.403611 | D26: =AVERAGE(D14:D19,D21:D23) -> 0.64986667 | E26: =AVERAGE(E14:E19,E21:E23) -> 0.00024708112 | F26: =AVERAGE(F14:F19,F21:F23) -> 0.62917778 | G26: =AVERAGE(G14:G19,G21:G23) -> 0.59244444 | H26: =AVERAGE(H14:H19,H21:H23) -> #DIV/0! | I26: =AVERAGE(I14:I19,I21:I23) -> 7.2222222
A29: alfa = 10
A30: Heuristic algorithm | B30: # bins extra | C30: Total cost | D30: O_fs | E30: Time_execution | F30: F_fs | G30: F_ss | H30: #items | I30: #fixed bins
A31: 1 | B31: 1 | C31: 65.9 | D31: 0.8791 | E31: 0.0001180172 | F31: 0.6101 | G31: 0.3212 | I31: 7
A32: 2 | B32: 11 | C32: 108.76 | D32: 0.4437 | E32: 0.00038599968 | F32: 0.6045 | G32: 0.787 | I32: 7
A33: 3 | B33: 11 | C33: 108.23 | D33: 0.4097 | E33: 0.00037622452 | F33: 0.5307 | G33: 0.6811 | I33: 7
A34: 4 | B34: 7 | C34: 120.85 | D34: 0.5304 | E34: 0.0003118515 | F34: 0.603 | G34: 0.6614 | I34: 7
A35: 5 | B35: 5 | C35: 115.74 | D35: 0.6583 | E35: 0.00025129318 | F35: 0.5947 | G35: 0.6571 | I35: 8
A36: 6 | B36: 11 | C36: 147.91 | D36: 0.3731 | E36: 0.00032281876 | F36: 0.6915 | G36: 0.7099 | I36: 7
A37: 7 | B37: 9 | C37: 142.09 | D37: 0.5582 | E37: 0.00031614304 | F37: 0.6225 | G37: 0.6557 | I37: 7
A38: 8 | B38: 5 | C38: 111.15 | D38: 0.6264 | E38: 0.00032114983 | F38: 0.6278 | G38: 0.4521 | I38: 8
A39: 9 | B39: 7 | C39: 125.96 | D39: 0.5317 | E39: 0.00028800964 | F39: 0.6132 | G39: 0.6641 | I39: 7
A40: 10 | B40: 4 | C40: 82.106 | D40: 0.687 | E40: 0.00020003319 | F40: 0.5875 | G40: 0.6866 | I40: 8
A42: avg | B42: =AVERAGE(B31:B40) -> 7.1 | C42: =AVERAGE(C31:C40) -> 112.8696 | D42: =AVERAGE(D31:D40) -> 0.56976 | E42: =AVERAGE(E31:E40) -> 0.00028915405 | F42: =AVERAGE(F31:F40) -> 0.60855 | G42: =AVERAGE(G31:G40) -> 0.62762 | H42: =AVERAGE(H31:H40) -> #DIV/0! | I42: =AVERAGE(I31:I40) -> 7.3
B43: =AVERAGE(B31:B35,B37:B40) -> 6.6666667 | C43: =AVERAGE(C31:C35,C37:C40) -> 108.97622 | D43: =AVERAGE(D31:D35,D37:D40) -> 0.59161111 | E43: =AVERAGE(E31:E35,E37:E40) -> 0.00028541353 | F43: =AVERAGE(F31:F35,F37:F40) -> 0.59933333 | G43: =AVERAGE(G31:G35,G37:G40) -> 0.61847778 | H43: =AVERAGE(H31:H35,H37:H40) -> #DIV/0! | I43: =AVERAGE(I31:I35,I37:I40) -> 7.3333333
A46: alfa = 20
A47: Heuristic algorithm | B47: # bins extra | C47: Total cost | D47: O_fs | E47: Time_execution | F47: F_fs | G47: F_ss | H47: #items | I47: #fixed bins
A48: 1 | B48: 10 | C48: 131.57 | D48: 0.429 | E48: 0.00039196014 | F48: 0.6355 | G48: 0.669 | I48: 7
A49: 2 | B49: 0 | C49: 86.74 | D49: 1 | E49: 9.9182129e-05 | F49: 0.5343 | I49: 8
A50: 3 | B50: 4 | C50: 104.28 | D50: 0.6299 | E50: 0.00026297569 | F50: 0.7337 | G50: 0.4418 | I50: 7
A51: 4 | B51: 2 | C51: 78.79 | D51: 0.7916 | E51: 0.00013899803 | F51: 0.5378 | G51: 0.4511 | I51: 7
A52: 5 | B52: 9 | C52: 146.28 | D52: 0.4854 | E52: 0.00036215782 | F52: 0.6271 | G52: 0.6774 | I52: 8
A53: 6 | B53: 6 | C53: 112.34 | D53: 0.5699 | E53: 0.00027227402 | F53: 0.733 | G53: 0.6633 | I53: 7
A54: 7 | B54: 12 | C54: 121.56 | D54: 0.3382 | E54: 0.00032401085 | F54: 0.6959 | G54: 0.5806 | I54: 7
A55: 8 | B55: 9 | C55: 129.32 | D55: 0.5599 | E55: 0.0004029274 | F55: 0.6096 | G55: 0.7615 | I55: 8
A56: 9 | B56: 1 | C56: 93.48 | D56: 0.896 | E56: 9.7036362e-05 | F56: 0.6168 | G56: 0.3442 | I56: 7
A57: 10 | B57: 4 | C57: 102.32 | D57: 0.6444 | E57: 0.00032305717 | F57: 0.6234 | G57: 0.5569 | I57: 8
A59: avg | B59: =AVERAGE(B48:B57) -> 5.7 | C59: =AVERAGE(C48:C57) -> 110.668 | D59: =AVERAGE(D48:D57) -> 0.63443 | E59: =AVERAGE(E48:E57) -> 0.00026745796 | F59: =AVERAGE(F48:F57) -> 0.63471 | G59: =AVERAGE(G48:G57) -> 0.57175556 | H59: =AVERAGE(H48:H57) -> #DIV/0! | I59: =AVERAGE(I48:I57) -> 7.4
B60: =AVERAGE(B48:B51,B53:B57) -> 5.3333333 | C60: =AVERAGE(C48:C51,C53:C57) -> 106.71111 | D60: =AVERAGE(D48:D51,D53:D57) -> 0.65098889 | E60: =AVERAGE(E48:E51,E53:E57) -> 0.00025693576 | F60: =AVERAGE(F48:F51,F53:F57) -> 0.63555556 | G60: =AVERAGE(G48:G51,G53:G57) -> 0.55855 | H60: =AVERAGE(H48:H51,H53:H57) -> #DIV/0! | I60: =AVERAGE(I48:I51,I53:I57) -> 7.3333333
A63: alfa = 40
A64: Heuristic algorithm | B64: # bins extra | C64: Total cost | D64: O_fs | E64: Time_execution | F64: F_fs | G64: F_ss | H64: #items | I64: #fixed bins
A65: 1 | B65: 9 | C65: 131.5 | D65: 0.4433 | E65: 0.00038003922 | F65: 0.6215 | G65: 0.711 | I65: 7
A66: 2 | B66: 8 | C66: 120.94 | D66: 0.5092 | E66: 0.00030994415 | F66: 0.6675 | G66: 0.6254 | I66: 8
A67: 3 | B67: 8 | C67: 129.97 | D67: 0.4192 | E67: 0.00031805038 | F67: 0.7016 | G67: 0.6912 | I67: 7
A68: 4 | B68: 9 | C68: 187.71 | D68: 0.408 | E68: 0.00034999847 | F68: 0.6636 | G68: 0.7088 | I68: 8
A69: 5 | B69: 3 | C69: 96.35 | D69: 0.6831 | E69: 0.00020194054 | F69: 0.6186 | G69: 0.6973 | I69: 8
A70: 6 | B70: 7 | C70: 153.18 | D70: 0.4773 | E70: 0.00027799606 | F70: 0.6178 | G70: 0.7491 | I70: 7
A71: 7 | B71: 2 | C71: 81.08 | D71: 0.7748 | E71: 0.0001270771 | F71: 0.5859 | G71: 0.4912 | I71: 7
A72: 8 | B72: 4 | C72: 91.01 | D72: 0.6443 | E72: 0.00021409988 | F72: 0.6426 | G72: 0.6819 | I72: 7
A73: 9 | B73: 7 | C73: 121.1 | D73: 0.4772 | E73: 0.00028419495 | F73: 0.64 | G73: 0.7314 | I73: 7
A74: 10 | B74: 7 | C74: 122.27 | D74: 0.4662 | E74: 0.0002951622 | F74: 0.6587 | G74: 0.7397 | I74: 8
A76: avg | B76: =AVERAGE(B65:B74) -> 6.4 | C76: =AVERAGE(C65:C74) -> 123.511 | D76: =AVERAGE(D65:D74) -> 0.53026 | E76: =AVERAGE(E65:E74) -> 0.0002758503 | F76: =AVERAGE(F65:F74) -> 0.64178 | G76: =AVERAGE(G65:G74) -> 0.6827 | H76: =AVERAGE(H65:H74) -> #DIV/0! | I76: =AVERAGE(I65:I74) -> 7.4
B77: =AVERAGE(B65:B67,B69:B74) -> 6.1111111 | C77: =AVERAGE(C65:C67,C69:C74) -> 116.37778 | D77: =AVERAGE(D65:D67,D69:D74) -> 0.54384444 | E77: =AVERAGE(E65:E67,E69:E74) -> 0.00026761161 | F77: =AVERAGE(F65:F67,F69:F74) -> 0.63935556 | G77: =AVERAGE(G65:G67,G69:G74) -> 0.6798 | H77: =AVERAGE(H65:H67,H69:H74) -> #DIV/0! | I77: =AVERAGE(I65:I67,I69:I74) -> 7.3333333

Sheet Hss-sp2_25
A12: alfa = 5
A13: Heuristic algorithm | B13: # bins extra | C13: Total cost | D13: O_fs | E13: Time_execution | F13: F_fs | G13: F_ss | H13: #items | I13: #fixed bins
A14: 1 | B14: 4 | C14: 122.65 | D14: 0.7558 | E14: 0.00019097328 | F14: 0.7406 | G14: 0.4917 | I14: 10
A15: 2 | B15: 11 | C15: 140.33 | D15: 0.5621 | E15: 0.00037407875 | F15: 0.738 | G15: 0.7099 | I15: 10
A16: 3 | B16: 3 | C16: 116.12 | D16: 0.8071 | E16: 0.0001809597 | F16: 0.675 | G16: 0.4885 | I16: 11
A17: 4 | B17: 4 | C17: 90.8 | D17: 0.7609 | E17: 0.0001950264 | F17: 0.6511 | G17: 0.5275 | I17: 9
A18: 5 | B18: 1 | C18: 99.63 | D18: 0.9069 | E18: 0.00018310547 | F18: 0.6617 | G18: 0.4807 | I18: 10
A19: 6 | B19: 4 | C19: 138.71 | D19: 0.7475 | E19: 0.0002810955 | F19: 0.6794 | G19: 0.5526 | I19: 10
A20: 7 | B20: 1 | C20: 90.02 | D20: 0.9139 | E20: 0.00013017654 | F20: 0.6386 | G20: 0.8416 | I20: 9
A21: 8 | B21: 12 | C21: 139.84 | D21: 0.5369 | E21: 0.00036716461 | F21: 0.6355 | G21: 0.6381 | I21: 10
A22: 9 | B22: 6 | C22: 156.61 | D22: 0.6613 | E22: 0.00036597252 | F22: 0.6886 | G22: 0.5513 | I22: 11
A23: 10 | B23: 4 | C23: 136.12 | D23: 0.7704 | E23: 0.00024795532 | F23: 0.6593 | G23: 0.6241 | I23: 11
A25: avg | B25: =AVERAGE(B14:B23) -> 5 | C25: =AVERAGE(C14:C23) -> 123.083 | D25: =AVERAGE(D14:D23) -> 0.74228 | E25: =AVERAGE(E14:E23) -> 0.00025165081 | F25: =AVERAGE(F14:F23) -> 0.67678 | G25: =AVERAGE(G14:G23) -> 0.5906 | H25: =AVERAGE(H14:H23) -> #DIV/0! | I25: =AVERAGE(I14:I23) -> 10.1
B26: =AVERAGE(B14:B21,B23) -> 4.8888889 | C26: =AVERAGE(C14:C21,C23) -> 119.35778 | D26: =AVERAGE(D14:D21,D23) -> 0.75127778 | E26: =AVERAGE(E14:E21,E23) -> 0.0002389484 | F26: =AVERAGE(F14:F21,F23) -> 0.67546667 | G26: =AVERAGE(G14:G21,G23) -> 0.59496667 | H26: =AVERAGE(H14:H21,H23) -> #DIV/0! | I26: =AVERAGE(I14:I21,I23) -> 10
A29: alfa = 10
A30: Heuristic algorithm | B30: # bins extra | C30: Total cost | D30: O_fs | E30: Time_execution | F30: F_fs | G30: F_ss | H30: #items | I30: #fixed bins
A31: 1 | B31: 5 | C31: 156.82 | D31: 0.704 | E31: 0.0002849102 | F31: 0.7811 | G31: 0.5607 | I31: 11
A32: 2 | B32: 9 | C32: 176.56 | D32: 0.5542 | E32: 0.00032401085 | F32: 0.7186 | G32: 0.6676 | I32: 10
A33: 3 | B33: 5 | C33: 137.08 | D33: 0.6537 | E33: 0.00031733513 | F33: 0.6692 | G33: 0.418 | I33: 10
A34: 4 | B34: 3 | C34: 111.71 | D34: 0.7799 | E34: 0.00025081635 | F34: 0.6916 | G34: 0.422 | I34: 10
A35: 5 | B35: 3 | C35: 114.75 | D35: 0.8329 | E35: 0.0001938343 | F35: 0.693 | G35: 0.5597 | I35: 10
A36: 6 | B36: 6 | C36: 141.74 | D36: 0.6549 | E36: 0.00025296211 | F36: 0.6955 | G36: 0.6404 | I36: 11
A37: 7 | B37: 6 | C37: 131.69 | D37: 0.6482 | E37: 0.00023984909 | F37: 0.6777 | G37: 0.5672 | I37: 10
A38: 8 | B38: 7 | C38: 136.61 | D38: 0.575 | E38: 0.00025320053 | F38: 0.7013 | G38: 0.5987 | I38: 10
A39: 9 | B39: 0 | C39: 116.86 | D39: 1 | E39: 8.392334e-05 | F39: 0.6169 | I39: 10
A40: 10 | B40: 3 | C40: 99.54 | D40: 0.7805 | E40: 0.00016212463 | F40: 0.6513 | G40: 0.5523 | I40: 10
A42: avg | B42: =AVERAGE(B31:B40) -> 4.7 | C42: =AVERAGE(C31:C40) -> 132.336 | D42: =AVERAGE(D31:D40) -> 0.71833 | E42: =AVERAGE(E31:E40) -> 0.00023629665 | F42: =AVERAGE(F31:F40) -> 0.68962 | G42: =AVERAGE(G31:G40) -> 0.55406667 | H42: =AVERAGE(H31:H40) -> #DIV/0! | I42: =AVERAGE(I31:I40) -> 10.2
B43: =AVERAGE(B31,B33:B40) -> 4.2222222 | C43: =AVERAGE(C31,C33:C40) -> 127.42222 | D43: =AVERAGE(D31,D33:D40) -> 0.73656667 | E43: =AVERAGE(E31,E33:E40) -> 0.00022655063 | F43: =AVERAGE(F31,F33:F40) -> 0.6864 | G43: =AVERAGE(G31,G33:G40) -> 0.539875 | H43: =AVERAGE(H31,H33:H40) -> #DIV/0! | I43: =AVERAGE(I31,I33:I40) -> 10.222222
A46: alfa = 20
A47: Heuristic algorithm | B47: # bins extra | C47: Total cost | D47: O_fs | E47: Time_execution | F47: F_fs | G47: F_ss | H47: #items | I47: #fixed bins
A48: 1 | B48: 7 | C48: 136.67 | D48: 0.6583 | E48: 0.00028634071 | F48: 0.6754 | G48: 0.6496 | I48: 11
A49: 2 | B49: 6 | C49: 140.44 | D49: 0.6201 | E49: 0.00023603439 | F49: 0.6476 | G49: 0.5401 | I49: 11
A50: 3 | B50: 9 | C50: 159.66 | D50: 0.5353 | E50: 0.0002810955 | F50: 0.7072 | G50: 0.6433 | I50: 10
A51: 4 | B51: 11 | C51: 142.19 | D51: 0.4978 | E51: 0.00032186508 | F51: 0.6714 | G51: 0.6195 | I51: 10
A52: 5 | B52: 5 | C52: 133.24 | D52: 0.7244 | E52: 0.00020885468 | F52: 0.6551 | G52: 0.55 | I52: 10
A53: 6 | B53: 7 | C53: 178.38 | D53: 0.5917 | E53: 0.00036907196 | F53: 0.7462 | G53: 0.46 | I53: 11
A54: 7 | B54: 5 | C54: 127.81 | D54: 0.6995 | E54: 0.00022506714 | F54: 0.722 | G54: 0.6066 | I54: 11
A55: 8 | B55: 4 | C55: 126.06 | D55: 0.7548 | E55: 0.00021123886 | F55: 0.7217 | G55: 0.613 | I55: 10
A56: 9 | B56: 6 | C56: 161.04 | D56: 0.6289 | E56: 0.00026917458 | F56: 0.711 | G56: 0.706 | I56: 10
A57: 10 | B57: 8 | C57: 147.73 | D57: 0.5451 | E57: 0.00025701523 | F57: 0.7266 | G57: 0.6139 | I57: 10
A59: avg | B59: =AVERAGE(B48:B57) -> 6.8 | C59: =AVERAGE(C48:C57) -> 145.322 | D59: =AVERAGE(D48:D57) -> 0.62559 | E59: =AVERAGE(E48:E57) -> 0.00026657581 | F59: =AVERAGE(F48:F57) -> 0.69842 | G59: =AVERAGE(G48:G57) -> 0.6002 | H59: =AVERAGE(H48:H57) -> #DIV/0! | I59: =AVERAGE(I48:I57) -> 10.4
B60: =AVERAGE(B48:B52,B54:B57) -> 6.7777778 | C60: =AVERAGE(C48:C52,C54:C57) -> 141.64889 | D60: =AVERAGE(D48:D52,D54:D57) -> 0.62935556 | E60: =AVERAGE(E48:E52,E54:E57) -> 0.00025518735 | F60: =AVERAGE(F48:F52,F54:F57) -> 0.69311111 | G60: =AVERAGE(G48:G52,G54:G57) -> 0.61577778 | H60: =AVERAGE(H48:H52,H54:H57) -> #DIV/0! | I60: =AVERAGE(I48:I52,I54:I57) -> 10.333333
A63: alfa = 40
A64: Heuristic algorithm | B64: # bins extra | C64: Total cost | D64: O_fs | E64: Time_execution | F64: F_fs | G64: F_ss | H64: #items | I64: #fixed bins
A65: 1 | B65: 0 | C65: 94.83 | D65: 1 | E65: 9.393692e-05 | F65: 0.6089 | I65: 9
A66: 2 | B66: 4 | C66: 136.03 | D66: 0.6974 | E66: 0.00021672249 | F66: 0.8039 | G66: 0.607 | I66: 10
A67: 3 | B67: 5 | C67: 162.57 | D67: 0.7145 | E67: 0.00024986267 | F67: 0.6995 | G67: 0.6231 | I67: 11
A68: 4 | B68: 10 | C68: 146.44 | D68: 0.4646 | E68: 0.00032997131 | F68: 0.6299 | G68: 0.689 | I68: 10
A69: 5 | B69: 8 | C69: 162.82 | D69: 0.5088 | E69: 0.00028681755 | F69: 0.6514 | G69: 0.6389 | I69: 10
A70: 6 | B70: 1 | C70: 79.7 | D70: 0.9097 | E70: 0.00013422966 | F70: 0.6122 | G70: 0.8122 | I70: 10
A71: 7 | B71: 7 | C71: 175.73 | D71: 0.521 | E71: 0.00026202202 | F71: 0.6214 | G71: 0.5689 | I71: 9
A72: 8 | B72: 3 | C72: 132.71 | D72: 0.7338 | E72: 0.00022506714 | F72: 0.722 | G72: 0.6066 | I72: 11
A73: 9 | B73: 4 | C73: 126.06 | D73: 0.7548 | E73: 0.00021123886 | F73: 0.7217 | G73: 0.613 | I73: 10
A74: 10 | B74: 6 | C74: 161.04 | D74: 0.6289 | E74: 0.00026917458 | F74: 0.711 | G74: 0.706 | I74: 10
A76: avg | B76: =AVERAGE(B65:B74) -> 4.8 | C76: =AVERAGE(C65:C74) -> 137.793 | D76: =AVERAGE(D65:D74) -> 0.69335 | E76: =AVERAGE(E65:E74) -> 0.00022790432 | F76: =AVERAGE(F65:F74) -> 0.67819 | G76: =AVERAGE(G65:G74) -> 0.65163333 | H76: =AVERAGE(H65:H74) -> #DIV/0! | I76: =AVERAGE(I65:I74) -> 10
B77: =AVERAGE(B65:B70,B72:B74) -> 4.5555556 | C77: =AVERAGE(C65:C70,C72:C74) -> 133.57778 | D77: =AVERAGE(D65:D70,D72:D74) -> 0.7125 | E77: =AVERAGE(E65:E70,E72:E74) -> 0.00022411346 | F77: =AVERAGE(F65:F70,F72:F74) -> 0.6845 | G77: =AVERAGE(G65:G70,G72:G74) -> 0.661975 | H77: =AVERAGE(H65:H70,H72:H74) -> #DIV/0! | I77: =AVERAGE(I65:I70,I72:I74) -> 10.111111

Sheet Hss-sp3_25
A12: alfa = 5
A13: Heuristic algorithm | B13: # bins extra | C13: Total cost | D13: O_fs | E13: Time_execution | F13: F_fs | G13: F_ss | H13: #items | I13: #fixed bins
A14: 1 | B14: 0 | C14: 129.53 | D14: 1 | E14: 0.00011372566 | F14: 0.5894 | I14: 13
A15: 2 | B15: 2 | C15: 126.18 | D15: 0.869 | E15: 0.00016880035 | F15: 0.6047 | G15: 0.507 | I15: 12
A16: 3 | B16: 3 | C16: 136.16 | D16: 0.8526 | E16: 0.0002052784 | F16: 0.6467 | G16: 0.5029 | I16: 13
A17: 4 | B17: 6 | C17: 182.86 | D17: 0.6865 | E17: 0.00025606155 | F17: 0.682 | G17: 0.4993 | I17: 13
A18: 5 | B18: 5 | C18: 171.76 | D18: 0.7261 | E18: 0.00024104118 | F18: 0.6714 | G18: 0.5031 | I18: 11
A19: 6 | B19: 14 | C19: 184.68 | D19: 0.5638 | E19: 0.00040555 | F19: 0.6983 | G19: 0.6432 | I19: 13
A20: 7 | B20: 7 | C20: 189.57 | D20: 0.6557 | E20: 0.00030422211 | F20: 0.6983 | G20: 0.7277 | I20: 12
A21: 8 | B21: 6 | C21: 133.76 | D21: 0.6755 | E21: 0.00025606155 | F21: 0.6725 | G21: 0.5989 | I21: 12
A22: 9 | B22: 11 | C22: 239.32 | D22: 0.5898 | E22: 0.00034785271 | F22: 0.735 | G22: 0.5286 | I22: 13
A23: 10 | B23: 2 | C23: 117.79 | D23: 0.8912 | E23: 0.00016403198 | F23: 0.71 | G23: 0.5276 | I23: 13
A25: avg | B25: =AVERAGE(B14:B23) -> 5.6 | C25: =AVERAGE(C14:C23) -> 161.161 | D25: =AVERAGE(D14:D23) -> 0.75102 | E25: =AVERAGE(E14:E23) -> 0.00024626255 | F25: =AVERAGE(F14:F23) -> 0.67083 | G25: =AVERAGE(G14:G23) -> 0.55981111 | H25: =AVERAGE(H14:H23) -> #DIV/0! | I25: =AVERAGE(I14:I23) -> 12.5
B26: =AVERAGE(B14:B21,B23) -> 5 | C26: =AVERAGE(C14:C21,C23) -> 152.47667 | D26: =AVERAGE(D14:D21,D23) -> 0.76893333 | E26: =AVERAGE(E14:E21,E23) -> 0.00023497476 | F26: =AVERAGE(F14:F21,F23) -> 0.6637 | G26: =AVERAGE(G14:G21,G23) -> 0.5637125 | H26: =AVERAGE(H14:H21,H23) -> #DIV/0! | I26: =AVERAGE(I14:I21,I23) -> 12.444444
A29: alfa = 10
A30: Heuristic algorithm | B30: # bins extra | C30: Total cost | D30: O_fs | E30: Time_execution | F30: F_fs | G30: F_ss | H30: #items | I30: #fixed bins
A31: 1 | B31: 5 | C31: 149.26 | D31: 0.6982 | E31: 0.00034403801 | F31: 0.6895 | G31: 0.58 | I31: 12
A32: 2 | B32: 4 | C32: 133.56 | D32: 0.7694 | E32: 0.00019097328 | F32: 0.6901 | G32: 0.5276 | I32: 12
A33: 3 | B33: 2 | C33: 149.96 | D33: 0.8665 | E33: 0.00017404556 | F33: 0.6542 | G33: 0.4662 | I33: 13
A34: 4 | B34: 7 | C34: 159.91 | D34: 0.7226 | E34: 0.00029110909 | F34: 0.6655 | G34: 0.5687 | I34: 13
A35: 5 | B35: 4 | C35: 97.74 | D35: 0.7497 | E35: 0.0001680851 | F35: 0.6903 | G35: 0.4783 | I35: 11
A36: 6 | B36: 14 | C36: 245.01 | D36: 0.4865 | E36: 0.00040507317 | F36: 0.7081 | G36: 0.5822 | I36: 12
A37: 7 | B37: 11 | C37: 175.04 | D37: 0.5486 | E37: 0.00032877922 | F37: 0.6765 | G37: 0.5689 | I37: 13
A38: 8 | B38: 6 | C38: 184.39 | D38: 0.6861 | E38: 0.0002720356 | F38: 0.7328 | G38: 0.6185 | I38: 13
A39: 9 | B39: 1 | C39: 126.17 | D39: 0.9308 | E39: 0.00015807152 | F39: 0.6332 | G39: 0.2602 | I39: 13
A40: 10 | B40: 6 | C40: 130.44 | D40: 0.6615 | E40: 0.00020599365 | F40: 0.7178 | G40: 0.4535 | I40: 11
A42: avg | B42: =AVERAGE(B31:B40) -> 6 | C42: =AVERAGE(C31:C40) -> 155.148 | D42: =AVERAGE(D31:D40) -> 0.71199 | E42: =AVERAGE(E31:E40) -> 0.00025382042 | F42: =AVERAGE(F31:F40) -> 0.6858 | G42: =AVERAGE(G31:G40) -> 0.51041 | H42: =AVERAGE(H31:H40) -> #DIV/0! | I42: =AVERAGE(I31:I40) -> 12.3
B43: =AVERAGE(B31:B35,B37:B40) -> 5.1111111 | C43: =AVERAGE(C31:C35,C37:C40) -> 145.16333 | D43: =AVERAGE(D31:D35,D37:D40) -> 0.73704444 | E43: =AVERAGE(E31:E35,E37:E40) -> 0.00023701456 | F43: =AVERAGE(F31:F35,F37:F40) -> 0.68332222 | G43: =AVERAGE(G31:G35,G37:G40) -> 0.50243333 | H43: =AVERAGE(H31:H35,H37:H40) -> #DIV/0! | I43: =AVERAGE(I31:I35,I37:I40) -> 12.333333
A46: alfa = 20
A47: Heuristic algorithm | B47: # bins extra | C47: Total cost | D47: O_fs | E47: Time_execution | F47: F_fs | G47: F_ss | H47: #items | I47: #fixed bins
A48: 1 | B48: 17 | C48: 253.52 | D48: 0.3973 | E48: 0.00043392181 | F48: 0.6793 | G48: 0.554 | I48: 13
A49: 2 | B49: 8 | C49: 181.14 | D49: 0.6481 | E49: 0.00030303001 | F49: 0.6984 | G49: 0.5553 | I49: 12
A50: 3 | B50: 12 | C50: 270.11 | D50: 0.4779 | E50: 0.00035476685 | F50: 0.6895 | G50: 0.5085 | I50: 13
A51: 4 | B51: 0 | C51: 116.31 | D51: 1 | E51: 0.00012278557 | F51: 0.533 | I51: 11
A52: 5 | B52: 14 | C52: 195 | D52: 0.5244 | E52: 0.00040006638 | F52: 0.7148 | G52: 0.6013 | I52: 12
A53: 6 | B53: 6 | C53: 148.26 | D53: 0.7222 | E53: 0.00028395653 | F53: 0.6986 | G53: 0.4956 | I53: 12
A54: 7 | B54: 11 | C54: 197.34 | D54: 0.5472 | E54: 0.0003528595 | F54: 0.7146 | G54: 0.5347 | I54: 13
A55: 8 | B55: 10 | C55: 208.6 | D55: 0.5593 | E55: 0.0003721714 | F55: 0.7283 | G55: 0.6249 | I55: 13
A56: 9 | B56: 2 | C56: 120.88 | D56: 0.886 | E56: 0.00017786026 | F56: 0.6517 | G56: 0.5044 | I56: 12
A57: 10 | B57: 7 | C57: 133.97 | D57: 0.6727 | E57: 0.00030994415 | F57: 0.741 | G57: 0.5729 | I57: 13
A59: avg | B59: =AVERAGE(B48:B57) -> 8.7 | C59: =AVERAGE(C48:C57) -> 182.513 | D59: =AVERAGE(D48:D57) -> 0.64351 | E59: =AVERAGE(E48:E57) -> 0.00031113625 | F59: =AVERAGE(F48:F57) -> 0.68492 | G59: =AVERAGE(G48:G57) -> 0.55017778 | H59: =AVERAGE(H48:H57) -> #DIV/0! | I59: =AVERAGE(I48:I57) -> 12.4
B60: =AVERAGE(B48:B49,B51:B57) -> 8.3333333 | C60: =AVERAGE(C48:C49,C51:C57) -> 172.78 | D60: =AVERAGE(D48:D49,D51:D57) -> 0.66191111 | E60: =AVERAGE(E48:E49,E51:E57) -> 0.0003062884 | F60: =AVERAGE(F48:F49,F51:F57) -> 0.68441111 | G60: =AVERAGE(G48:G49,G51:G57) -> 0.5553875 | H60: =AVERAGE(H48:H49,H51:H57) -> #DIV/0! | I60: =AVERAGE(I48:I49,I51:I57) -> 12.333333
A63: alfa = 40
A64: Heuristic algorithm | B64: # bins extra | C64: Total cost | D64: O_fs | E64: Time_execution | F64: F_fs | G64: F_ss | H64: #items | I64: #fixed bins
A65: 1 | B65: 8 | C65: 227.99 | D65: 0.5588 | E65: 0.00029420853 | F65: 0.6635 | G65: 0.4497 | I65: 12
A66: 2 | B66: 0 | C66: 105.17 | D66: 1 | E66: 0.00010418892 | F66: 0.5203 | I66: 11
A67: 3 | B67: 3 | C67: 127.56 | D67: 0.8021 | E67: 0.00019621849 | F67: 0.6877 | G67: 0.4801 | I67: 12
A68: 4 | B68: 2 | C68: 127.16 | D68: 0.8392 | E68: 0.00014996529 | F68: 0.653 | G68: 0.5064 | I68: 12
A69: 5 | B69: 15 | C69: 312.65 | D69: 0.4042 | E69: 0.00042700768 | F69: 0.7462 | G69: 0.6118 | I69: 12
A70: 6 | B70: 7 | C70: 149.73 | D70: 0.6361 | E70: 0.000248909 | F70: 0.7299 | G70: 0.5034 | I70: 13
A71: 7 | B71: 0 | C71: 127.8 | D71: 1 | E71: 9.7036362e-05 | F71: 0.5649 | I71: 13
A72: 8 | B72: 11 | C72: 204.81 | D72: 0.5631 | E72: 0.00038099289 | F72: 0.7189 | G72: 0.6557 | I72: 13
A73: 9 | B73: 13 | C73: 192.91 | D73: 0.4896 | E73: 0.00038504601 | F73: 0.7089 | G73: 0.6126 | I73: 13
A74: 10 | B74: 6 | C74: 159.51 | D74: 0.7077 | E74: 0.00024199486 | F74: 0.6885 | G74: 0.4799 | I74: 12
A76: avg | B76: =AVERAGE(B65:B74) -> 6.5 | C76: =AVERAGE(C65:C74) -> 173.529 | D76: =AVERAGE(D65:D74) -> 0.70008 | E76: =AVERAGE(E65:E74) -> 0.0002525568 | F76: =AVERAGE(F65:F74) -> 0.66818 | G76: =AVERAGE(G65:G74) -> 0.53745 | H76: =AVERAGE(H65:H74) -> #DIV/0! | I76: =AVERAGE(I65:I74) -> 12.3
B77: =AVERAGE(B65:B68,B70:B74) -> 5.5555556 | C77: =AVERAGE(C65:C68,C70:C74) -> 158.07111 | D77: =AVERAGE(D65:D68,D70:D74) -> 0.73295556 | E77: =AVERAGE(E65:E68,E70:E74) -> 0.00023317337 | F77: =AVERAGE(F65:F68,F70:F74) -> 0.65951111 | G77: =AVERAGE(G65:G68,G70:G74) -> 0.52682857 | H77: =AVERAGE(H65:H68,H70:H74) -> #DIV/0! | I77: =AVERAGE(I65:I68,I70:I74) -> 12.333333
